{"fill":"Color.white","tables":{"efficiency_report_df_2_2":{"columns":[{"name":"date","type":"string"},{"name":"shift","type":"string"},{"name":"job","type":"string"},{"name":"customer","type":"string"},{"name":"production_feed_qty","type":"string"},{"name":"production_no_up","type":"string"},{"name":"production_msq","type":"string"},{"name":"production_setups","type":"string"},{"name":"rate_qty_hr","type":"string"},{"name":"waste_qty","type":"string"},{"name":"std_hours_setup","type":"string"},{"name":"std_hours_run","type":"string"},{"name":"prod_hours_setup","type":"string"},{"name":"prod_hours_run","type":"string"},{"name":"down_hours_on_std","type":"string"},{"name":"down_hours_off_std","type":"string"},{"name":"act_hrs_total","type":"string"},{"name":"utilization_down","type":"string"},{"name":"utilization_util","type":"string"},{"name":"efficiency_setup","type":"string"},{"name":"efficiency_run","type":"string"},{"name":"efficiency_total","type":"string"}],"rows":[["10/10/2023","2","","","","","","","","","","","","","","","","","","","",""],["","","","","","","","","","","","","","","","","","","","","",""],["Digital","","","","","","","","","","","","","","","","","","","","",""],["","","","","","","","","","","","","","","","","","","","","",""],["Machine:","Barberan","","","","","","","","","","","","","","","","","","","",""],["10/10/2023","2","702884 - 2","Disney Integrated Retail - BV","3,624","1","25.37","1","2,869","nan","0.08","1.10","0.14","1.26","0.08","0.37","1.85","24.17%","75.83%","58.59%","87.07%","79.72%"],["10/10/2023","2","702854 - 8","Walmart Stores Inc","2,770","1","38.72","1","1,191","nan","0.08","1.31","0.88","2.33","0.00","0.00","3.20","0.00%","100.00%","9.45%","56.33%","43.48%"],["10/10/2023","2","702872 - 7","Walmart Stores Inc","2,852","1","29.39","1","1,276","nan","0.08","1.15","0.01","2.24","0.04","0.29","2.57","12.95%","87.05%","1572.62%","51.45%","54.03%"],["","","","","","","","","","","","","","","","","","","","","Average:","59.08%"],["Machine:","HP C500","","","","","","","","","","","","","","","","","","","",""],["10/10/2023","2","703265 - 1","Amazon","1,385","2","21.54","1","1,118","8","0.08","0.78","0.03","1.24","0.00","0.00","1.27","0.00%","100.00%","269.19%","62.99%","68.00%"],["10/10/2023","2","703265 - 2","Amazon","1,310","2","20.38","1","521","7","0.08","0.74","0.02","2.51","0.00","0.00","2.54","0.00%","100.00%","347.44%","29.45%","32.44%"],["10/10/2023","2","702732 - 1","Backbone Labs Inc.","2,156","8","28.30",null,"831","13","0.00","1.12","0.00","2.59","0.00","0.00","2.59","0.00%","100.00%","0.00%","43.19%","43.19%"],["10/10/2023","2","703454 - 1","Roseshire Co.","75","2","2.63","1","154",null,"0.08","0.06","0.03","0.49","0.00","0.00","0.51","0.00%","100.00%","321.29%","12.30%","27.84%"],["","","","","","","","","","","","","","","","","","","","","Average:","42.87%"],["Analog","","","","","","","","","","","","","","","","","","","","",""],["","","","","","","","","","","","","","","","","","","","","",""],["Machine:","Bobst DC","","","","","","","","","","","","","","","","","","","",""],["10/10/2023","2","703109 - 1","Suja Life","3,030","12","26.09","1","1,518","11","0.12","0.90","0.21","2.00","0.47","0.59","3.27","32.40%","67.60%","54.71%","45.10%","37.94%"],["10/10/2023","2","703111 - 1","Suja Life",null,"12","0.00","1",null,null,"0.13","0.00","0.39","0.00","0.06","0.17","0.62","37.87%","62.13%","32.21%","0.00%","27.70%"],["10/10/2023","2","703117 - 1","Suja Life","420","12","3.62","1","1,822","3","0.02","0.12","0.35","0.23","0.00","0.00","0.58","0.00%","100.00%","4.63%","52.05%","23.60%"],["10/10/2023","2","702933 - 5","Supplyone -Tucson","510","1","1.86","1","1,370","10","0.37","0.18","0.23","0.37","0.00","0.37","0.97","38.13%","61.87%","164.22%","48.36%","92.01%"],["","","","","","","","","","","","","","","","","","","","","Average:","45.31%"],["Machine:","EMBA","","","","","","","","","","","","","","","","","","","",""],["10/10/2023","2","702540 - 1","Barcel USA LLC","12,500","1","75.87",null,"2,969","200","0.00","0.66","0.00","4.21","0.00","0.00","4.21","0.00%","100.00%","0.00%","15.68%","15.68%"],["10/10/2023","2","701917 - 1","Oliver Healthcare Packaging Co.","3,075","1","7.05",null,"1,015","50","0.00","0.23","0.00","3.03","0.00","0.00","3.03","0.00%","100.00%","0.00%","7.59%","7.59%"],["10/10/2023","2","703206 - 1","Royal Paper Box of Calif","300","1","1.30",null,"569","20","0.00","0.03","0.00","0.53","0.00","0.00","0.53","0.00%","100.00%","0.00%","5.69%","5.69%"],["10/10/2023","2","703230 - 1","Royal Paper Box of Calif","2,650","1","15.02",null,"9,607","25","0.00","0.15","0.00","0.28","0.00","0.00","0.28","0.00%","100.00%","0.00%","54.38%","54.38%"],["","","","","","","","","","","","","","","","","","","","","Average:","20.84%"],["Machine:","Expert","","","","","","","","","","","","","","","","","","","",""],["10/10/2023","2","702749 - 1","Dpack Inc","8,897","1","47.45",null,"11,366","897","0.00","0.50","0.00","0.78","0.00","0.33","1.11","29.55%","70.45%","0.00%","63.88%","63.88%"],["10/10/2023","2","702980 - 1","Dpack Inc",null,"1","0.00","1",null,null,"0.10","0.00","1.34","0.00","0.00","0.00","1.34","0.00%","100.00%","7.26%","0.00%","7.26%"],["","","","","","","","","","","","","","","","","","","","","Average:","35.57%"],["Machine:","K7","","","","","","","","","","","","","","","","","","","",""],["10/10/2023","2","703018 - 1","Ernest Packaging","22,112","2","169.99",null,"8,295",null,"0.00","4.41","0.00","2.67","0.00","0.00","2.67","0.00%","100.00%","0.00%","165.44%","165.44%"],["10/10/2023","2","698605 - 1","Vegamour","6,480","4","58.27","1","1,630",null,"0.75","0.91","0.57","3.97","2.31","1.20","8.06","43.60%","56.40%","131.82%","22.89%","24.21%"],["","","","","","","","","","","","","","","","","","","","","Average:","94.83%"],["Machine:","Martin","","","","","","","","","","","","","","","","","","","",""],["10/10/2023","2","702894 - 4","Disney Integrated Retail - BV","3,345","1","65.25",null,"2,258","13","0.00","0.67","0.00","1.48","0.51","0.33","2.33","36.36%","63.64%","0.00%","45.22%","33.59%"],["10/10/2023","2","703015 - 1","Ernest Packaging","5,269","3","38.71","1","3,265","19","0.50","1.07","0.63","1.61","0.41","0.17","2.83","20.73%","79.27%","78.95%","66.30%","58.96%"],["10/10/2023","2","703076 - 1","Ohana Packaging","7,250","2","66.96","1","5,135",null,"0.43","1.09","0.08","1.41","0.00","0.00","1.49","0.00%","100.00%","556.07%","77.20%","102.20%"],["10/10/2023","2","701597 - 1","Vegamour","6,586","8","55.29","1","3,769","24","0.43","1.44","0.53","1.75","0.00","0.75","3.02","24.80%","75.20%","82.16%","82.42%","82.36%"],["","","","","","","","","","","","","","","","","","","","","Average:","69.28%"],["Machine:","Oppliger","","","","","","","","","","","","","","","","","","","",""],["10/10/2023","2","703142 - 1","Dyson","7,265","2","156.80","3","2,295","65","0.61","4.07","0.04","3.17","0.31","1.54","5.05","36.61%","63.39%","1581.65%","128.56%","132.92%"],["10/10/2023","2","703490 - 3","Mobile  X","1,180","1","24.50","1","1,929","15","0.25","0.45","0.05","0.61","0.00","0.26","0.92","28.62%","71.38%","521.58%","73.57%","105.68%"],["","","","","","","","","","","","","","","","","","","","","Average:","119.3%"],["Machine:","Roll Coater","","","","","","","","","","","","","","","","","","","",""],["10/10/2023","2","701318 - 1","Babe Original","960","1","1.76",null,"326",null,"0.00","0.22","0.00","2.95","0.00","0.00","2.95","0.00%","100.00%","0.00%","7.47%","7.47%"],["10/10/2023","2","702127 - 1","Babe Original","1,723","1","3.88",null,"522",null,"0.00","0.48","0.00","3.30","0.00","0.54","3.84","14.09%","85.91%","0.00%","14.55%","14.55%"],["","","","","","","","","","","","","","","","","","","","","Average:","11.01%"],["Machine:","Young Shin","","","","","","","","","","","","","","","","","","","",""],["10/10/2023","2","703076 - 1","Ohana Packaging","15","2","0.14",null,"146",null,"0.35","0.00","0.58","0.10","0.00","0.76","1.44","52.53%","47.47%","60.33%","0.00%","51.27%"],["10/10/2023","2","702854 - 4","Walmart Stores Inc","5,510","1","123.75","2","1,514","6","1.11","1.86","0.70","3.64","0.78","1.40","6.51","33.43%","66.57%","159.89%","51.09%","58.12%"],["","","","","","","","","","","","","","","","","","","","","Average:","54.7%"]]},"efficiency_report_df_3_1":{"columns":[{"name":"date","type":"string"},{"name":"shift","type":"string"},{"name":"job","type":"string"},{"name":"customer","type":"string"},{"name":"production_feed_qty","type":"string"},{"name":"production_no_up","type":"string"},{"name":"production_msq","type":"string"},{"name":"production_setups","type":"string"},{"name":"rate_qty_hr","type":"string"},{"name":"waste_qty","type":"string"},{"name":"std_hours_setup","type":"string"},{"name":"std_hours_run","type":"string"},{"name":"prod_hours_setup","type":"string"},{"name":"prod_hours_run","type":"string"},{"name":"down_hours_on_std","type":"string"},{"name":"down_hours_off_std","type":"string"},{"name":"act_hrs_total","type":"string"},{"name":"utilization_down","type":"string"},{"name":"utilization_util","type":"string"},{"name":"efficiency_setup","type":"string"},{"name":"efficiency_run","type":"string"},{"name":"efficiency_total","type":"string"}],"rows":[["10/11/2023","1","","","","","","","","","","","","","","","","","","","",""],["","","","","","","","","","","","","","","","","","","","","",""],["Digital","","","","","","","","","","","","","","","","","","","","",""],["","","","","","","","","","","","","","","","","","","","","",""],["Machine:","Barberan","","","","","","","","","","","","","","","","","","","",""],["10/11/2023","1","702894 - 2","Disney Integrated Retail - BV","1,847","1","41.35","1","869","nan","0.08","1.78","0.63","2.13","0.00","0.00","2.76","0.00%","100.00%","13.15%","83.72%","67.57%"],["10/11/2023","1","702854 - 2","Walmart Stores Inc","2,874","1","39.92","1","1,747","nan","0.08","2.05","0.13","1.65","0.00","0.23","2.00","11.67%","88.33%","66.40%","124.60%","120.49%"],["10/11/2023","1","702854 - 7","Walmart Stores Inc","2,864","1","29.52","1","2,639","nan","0.08","1.15","0.01","1.09","0.10","0.00","1.19","8.05%","91.95%","679.09%","105.96%","103.30%"],["10/11/2023","1","702872 - 6","Walmart Stores Inc","2,728","1","38.14","1","1,529","nan","0.08","1.29","0.06","1.78","0.07","0.52","2.43","24.05%","75.95%","130.48%","72.30%","71.63%"],["","","","","","","","","","","","","","","","","","","","","Average:","90.75%"],["Machine:","HP C500","","","","","","","","","","","","","","","","","","","",""],["10/11/2023","1","703451 - 1","Best Box Store DIY","4","1","0.00","1","46",null,"0.08","0.00","0.14","0.09","0.00","0.00","0.22","0.00%","100.00%","61.10%","0.00%","37.21%"],["10/11/2023","1","703453 - 1","Best Box Store DIY","4","1","0.00","1","20",null,"0.08","0.00","0.12","0.20","0.00","0.00","0.31","0.00%","100.00%","70.31%","0.00%","26.35%"],["10/11/2023","1","703698 - 1","Best Box Store DIY","120","1","0.00","1","100",null,"0.08","0.06","0.07","1.20","0.00","0.00","1.27","0.00%","100.00%","117.18%","5.00%","11.26%"],["10/11/2023","1","703419 - 1","DIY Pack","4","1","0.14",null,"26",null,"0.00","0.00","0.00","0.15","0.00","0.00","0.15","0.00%","100.00%","0.00%","0.00%","0.00%"],["10/11/2023","1","703425 - 1","DIY Pack","30","1","1.05","1","49",null,"0.00","0.00","0.05","0.62","0.00","0.00","0.67","0.00%","100.00%","0.00%","0.00%","0.00%"],["10/11/2023","1","703093 - 1","Hawaiian Host Group","1,590","4","14.27","2","614",null,"0.17","0.77","0.25","2.59","0.00","0.00","2.84","0.00%","100.00%","66.62%","29.72%","32.95%"],["10/11/2023","1","703096 - 1","Hawaiian Host Group","2,570","4","34.34","1","930",null,"0.08","1.27","0.59","2.76","0.38","0.00","3.74","10.26%","89.74%","14.02%","45.98%","36.20%"],["10/11/2023","1","702646 - 1","Roseshire Co.","160","1","1.55","2","212",null,"0.07","0.08","0.13","0.76","0.00","0.00","0.89","0.00%","100.00%","55.35%","10.58%","17.29%"],["10/11/2023","1","702647 - 1","Roseshire Co.","160","1","2.25","2","397",null,"0.06","0.08","0.26","0.40","0.00","0.00","0.66","0.00%","100.00%","21.31%","19.86%","20.43%"],["","","","","","","","","","","","","","","","","","","","","Average:","20.19%"],["Machine:","Kong C64","","","","","","","","","","","","","","","","","","","",""],["10/11/2023","1","703257 - 1","Royal Paper Box of Calif",null,"2","0.00","1",null,"nan","0.07","0.00","0.04","0.00","0.00","0.00","0.04","0.00%","100.00%","196.21%","0.00%","196.21%"],["10/11/2023","1","703414 - 1","Royal Paper Box of Calif","14","4","0.76","1","21","nan","0.07","0.10","0.06","0.66","0.00","0.00","0.72","0.00%","100.00%","114.75%","15.11%","23.67%"],["10/11/2023","1","703415 - 1","Royal Paper Box of Calif","3","8","0.16","1","17","nan","0.07","0.04","0.07","0.18","0.00","0.00","0.25","0.00%","100.00%","104.06%","22.57%","45.32%"],["10/11/2023","1","703416 - 1","Royal Paper Box of Calif","4","10","0.22","1","10","nan","0.07","0.07","0.00","0.42","0.00","0.00","0.42","0.00%","100.00%","5140.76%","16.79%","33.80%"],["10/11/2023","1","703420 - 1","Royal Paper Box of Calif","3","6","0.16","1","7","nan","0.07","0.03","0.08","0.46","0.00","0.00","0.54","0.00%","100.00%","84.83%","6.57%","18.74%"],["10/11/2023","1","703422 - 1","Royal Paper Box of Calif","8","6","0.43","1","14","nan","0.07","0.09","0.04","0.58","0.00","0.00","0.62","0.00%","100.00%","174.86%","15.62%","26.16%"],["10/11/2023","1","703423 - 1","Royal Paper Box of Calif","4","8","0.22","1","8","nan","0.07","0.06","0.00","0.51","0.00","0.00","0.51","0.00%","100.00%","2142.02%","11.86%","25.81%"],["10/11/2023","1","703424 - 1","Royal Paper Box of Calif","11","2","0.60","1","14","nan","0.07","0.04","0.06","0.77","0.00","0.00","0.83","0.00%","100.00%","114.24%","5.22%","13.45%"],["10/11/2023","1","703497 - 1","Royal Paper Box of Calif","11","6","0.60","1","11","nan","0.07","0.12","0.05","1.03","0.00","0.00","1.08","0.00%","100.00%","140.46%","11.69%","17.76%"],["10/11/2023","1","703498 - 1","Royal Paper Box of Calif","8","8","0.43","1","12","nan","0.07","0.00","0.06","0.65","0.00","0.00","0.71","0.00%","100.00%","115.26%","0.00%","9.99%"],["","","","","","","","","","","","","","","","","","","","","Average:","41.09%"],["Machine:","Zund","","","","","","","","","","","","","","","","","","","",""],["10/11/2023","1","703698 - 1","Best Box Store DIY","120","1","4.18","1","84","nan","0.07","0.00","0.07","1.42","0.00","0.00","1.50","0.00%","100.00%","95.91%","0.00%","4.77%"],["10/11/2023","1","703454 - 1","Roseshire Co.","105","2","3.68","2","14","nan","0.14","6.39","0.54","7.60","0.00","0.00","8.14","0.00%","100.00%","26.39%","84.05%","80.22%"],["","","","","","","","","","","","","","","","","","","","","Average:","42.5%"],["Machine:","Zund2","","","","","","","","","","","","","","","","","","","",""],["10/11/2023","1","703451 - 1","Best Box Store DIY","4","1","0.14","1","33","nan","0.10","0.00","0.02","0.12","0.00","0.00","0.14","0.00%","100.00%","529.41%","0.00%","71.01%"],["10/11/2023","1","703453 - 1","Best Box Store DIY","4","1","0.14","1","38","nan","0.10","0.00","0.06","0.10","0.00","0.00","0.16","0.00%","100.00%","176.47%","0.00%","61.96%"],["10/11/2023","1","703419 - 1","DIY Pack","25","1","0.87","1","44","nan","0.10","0.00","0.21","0.57","0.00","0.00","0.78","0.00%","100.00%","48.26%","0.00%","12.83%"],["10/11/2023","1","703425 - 1","DIY Pack","37","1","1.29","1","28","nan","0.10","0.00","0.05","1.31","0.00","0.72","2.09","34.64%","65.36%","188.48%","0.00%","7.32%"],["10/11/2023","1","703394 - 2","Oceana USA","20","4","1.05","1","54","nan","0.10","1.36","0.87","0.37","0.00","0.00","1.24","0.00%","100.00%","11.46%","370.35%","117.77%"],["","","","","","","","","","","","","","","","","","","","","Average:","54.18%"],["Analog","","","","","","","","","","","","","","","","","","","","",""],["","","","","","","","","","","","","","","","","","","","","",""],["Machine:","Bobst DC","","","","","","","","","","","","","","","","","","","",""],["10/11/2023","1","703113 - 1","Suja Life","2,928","12","25.21","1","2,078","40","0.11","0.87","0.16","1.41","0.94","0.40","2.91","46.21%","53.79%","71.49%","61.74%","39.19%"],["","","","","","","","","","","","","","","","","","","","","Average:","39.19%"],["Machine:","EMBA","","","","","","","","","","","","","","","","","","","",""],["10/11/2023","1","703294 - 1","Custom Packaging Supply","6,335","1","16.45","1","6,708","35","0.09","0.50","0.03","0.94","0.00","0.00","0.98","0.00%","100.00%","247.36%","52.94%","59.78%"],["10/11/2023","1","703238 - 1","MeriCal","3,200","1","22.78","1","2,105","50","0.09","2.73","0.07","1.52","0.00","0.00","1.59","0.00%","100.00%","117.97%","179.61%","176.81%"],["10/11/2023","1","703223 - 1","Moon Oral Care, LLC","2,775","1","18.11","1","4,914","45","0.05","0.14","0.06","0.56","0.00","0.00","0.62","0.00%","100.00%","87.61%","24.79%","30.49%"],["10/11/2023","1","701150 - 1","ORIBE Hair Care","10,550","1","32.38","1","10,088","50","0.06","0.72","0.15","1.05","0.00","0.00","1.20","0.00%","100.00%","38.70%","68.84%","65.02%"],["10/11/2023","1","703152 - 1","Q Trade Teas & Herbs","1,600","1","8.80","1","97,627","25","0.09","0.10","0.70","0.02","0.00","0.00","0.72","0.00%","100.00%","12.10%","610.17%","25.71%"],["10/11/2023","1","703228 - 1","Royal Paper Box of Calif","355","1","1.70","1","12,909","18","0.09","0.05","0.03","0.03","0.00","0.00","0.06","0.00%","100.00%","262.15%","181.82%","225.33%"],["10/11/2023","1","703249 - 1","Royal Paper Box of Calif","3,535","1","34.98","1","6,360","35","0.06","0.18","0.06","0.56","0.00","0.00","0.61","0.00%","100.00%","102.26%","32.38%","38.93%"],["10/11/2023","1","703250 - 1","Royal Paper Box of Calif","145","1","1.01","1","1,689","12","0.06","0.01","0.04","0.09","0.00","0.00","0.12","0.00%","100.00%","153.39%","11.65%","55.41%"],["10/11/2023","1","703251 - 1","Royal Paper Box of Calif","175","1","1.29","1","2,551","18","0.06","0.01","0.05","0.07","0.00","0.00","0.12","0.00%","100.00%","113.20%","14.57%","57.07%"],["10/11/2023","1","703252 - 1","Royal Paper Box of Calif","275","1","1.34","1","1,765","17","0.06","0.02","0.04","0.16","0.00","0.00","0.19","0.00%","100.00%","164.09%","12.83%","41.11%"],["10/11/2023","1","703256 - 1","Royal Paper Box of Calif","275","1","1.55","1","736","18","0.06","0.03","0.17","0.37","0.00","0.00","0.55","0.00%","100.00%","33.81%","8.03%","16.22%"],["10/11/2023","1","703387 - 1","Royal Paper Box of Calif","268","1","2.07","1","2,725","22","0.09","0.04","0.03","0.10","0.00","0.00","0.13","0.00%","100.00%","245.38%","40.68%","94.10%"],["10/11/2023","1","703412 - 1","Royal Paper Box of Calif","618","1","2.83","1","5,839","25","0.06","0.04","0.10","0.11","0.00","0.30","0.51","58.90%","41.10%","57.68%","37.80%","47.55%"],["10/11/2023","1","703413 - 1","Royal Paper Box of Calif","530","1","2.54","1","3,698","11","0.06","0.04","0.34","0.14","0.00","0.00","0.48","0.00%","100.00%","17.24%","27.91%","20.39%"],["10/11/2023","1","702695 - 1","South Coast Paper","2,656","1","15.68","1","9,256","31","0.06","0.15","0.08","0.29","0.00","0.35","0.72","48.59%","51.41%","70.56%","52.27%","56.39%"],["10/11/2023","1","702698 - 1","South Coast Paper","200","1","1.18","1","4,068",null,"0.06","0.01","0.09","0.05","0.00","0.00","0.14","0.00%","100.00%","67.85%","20.34%","50.65%"],["","","","","","","","","","","","","","","","","","","","","Average:","66.31%"],["Machine:","Expert","","","","","","","","","","","","","","","","","","","",""],["10/11/2023","1","702980 - 1","Dpack Inc","13,650","1","34.50","1","10,295","300","0.10","1.20","0.02","1.33","0.00","0.38","1.73","22.15%","77.85%","456.31%","90.51%","96.32%"],["10/11/2023","1","703693 - 1","Ernest Packaging","12,150","1","28.77","1","13,622","150","0.16","1.62","0.00","0.89","0.00","0.00","0.89","0.00%","100.00%","6292.00%","181.63%","198.70%"],["","","","","","","","","","","","","","","","","","","","","Average:","147.51%"],["Machine:","K7","","","","","","","","","","","","","","","","","","","",""],["10/11/2023","1","702933 - 3","Supplyone -Tucson","522","1","19.25","1","2,355","2","0.33","0.07","0.56","0.22","0.00","0.00","0.78","0.00%","100.00%","59.26%","31.58%","51.43%"],["10/11/2023","1","698605 - 1","Vegamour","6,560","4","58.99","1","2,160","30","0.75","0.93","0.59","3.04","0.64","1.03","5.30","31.58%","68.42%","127.71%","30.62%","39.40%"],["","","","","","","","","","","","","","","","","","","","","Average:","45.42%"],["Machine:","Martin","","","","","","","","","","","","","","","","","","","",""],["10/11/2023","1","702968 - 1","Custom Packaging Supply","2,691","2","40.29","1","2,111",null,"0.78","0.53","0.68","1.27","1.33","0.50","3.78","48.36%","51.64%","115.06%","41.58%","39.92%"],["10/11/2023","1","703015 - 1","Ernest Packaging","5,382","3","39.54","1","4,452",null,"0.50","1.09","0.23","1.21","0.08","0.30","1.83","21.19%","78.81%","215.74%","90.17%","104.24%"],["10/11/2023","1","703893 - 1","Ring LLC","233","1","4.08","1","1,245",null,"0.50","0.08","0.41","0.19","0.77","0.00","1.37","56.30%","43.70%","121.15%","42.73%","42.21%"],["","","","","","","","","","","","","","","","","","","","","Average:","62.12%"],["Machine:","Oppliger","","","","","","","","","","","","","","","","","","","",""],["10/11/2023","1","702333 - 1","Santa Cruz Nutritionals","10,150","1","83.46","1","2,503","30","0.09","2.69","0.00","4.06","0.30","0.78","5.14","21.04%","78.96%","2984.68%","66.33%","63.80%"],["10/11/2023","1","703317 - 8","Solutions2Go","3,795","4","29.46","1","2,909","15","0.25","0.83","0.09","1.30","0.00","0.15","1.54","9.50%","90.50%","284.19%","63.63%","77.37%"],["","","","","","","","","","","","","","","","","","","","","Average:","70.58%"],["Machine:","Post Gluer","","","","","","","","","","","","","","","","","","","",""],["10/11/2023","1","702995 - 1","Ezaki Glico USA Corp.","537","1","11.07","1","537","12","0.37","0.19","0.05","1.00","0.00","0.00","1.05","0.00%","100.00%","776.39%","19.00%","53.73%"],["10/11/2023","1","701917 - 1","Oliver Healthcare Packaging Co.","3,060","1","7.01","1","5,329","10","0.37","0.39","0.05","0.57","0.06","0.00","0.68","8.51%","91.49%","750.37%","67.92%","111.90%"],["10/11/2023","1","553827 - 1","P.M.",null,"1",null,null,null,null,"0.00","0.00","0.00","0.00","0.00","1.14","1.14","100.00%","0.00%","0.00%","0.00%","0.00%"],["10/11/2023","1","702933 - 3","Supplyone -Tucson","442","1","16.30","1","750","32","0.37","0.27","0.13","0.59","0.00","0.00","0.72","0.00%","100.00%","278.66%","45.78%","88.87%"],["","","","","","","","","","","","","","","","","","","","","Average:","63.63%"],["Machine:","Young Shin","","","","","","","","","","","","","","","","","","","",""],["10/11/2023","1","702995 - 1","Ezaki Glico USA Corp.","580","1","11.95","1","2,537",null,"0.94","0.38","0.34","0.23","0.29","0.05","0.91","37.11%","62.89%","272.80%","166.22%","153.51%"],["10/11/2023","1","703076 - 1","Ohana Packaging","7,352","2","67.90","2","2,498",null,"0.74","2.19","0.63","2.94","0.23","0.75","4.55","21.45%","78.55%","116.63%","74.40%","76.97%"],["10/11/2023","1","703317 - 8","Solutions2Go",null,"4","0.00","1",null,null,"0.47","0.00","0.53","0.00","0.56","0.00","1.09","51.65%","48.35%","89.33%","0.00%","43.19%"],["","","","","","","","","","","","","","","","","","","","","Average:","91.22%"]]},"efficiency_report_df_3_2":{"columns":[{"name":"date","type":"string"},{"name":"shift","type":"string"},{"name":"job","type":"string"},{"name":"customer","type":"string"},{"name":"production_feed_qty","type":"string"},{"name":"production_no_up","type":"string"},{"name":"production_msq","type":"string"},{"name":"production_setups","type":"string"},{"name":"rate_qty_hr","type":"string"},{"name":"waste_qty","type":"string"},{"name":"std_hours_setup","type":"string"},{"name":"std_hours_run","type":"string"},{"name":"prod_hours_setup","type":"string"},{"name":"prod_hours_run","type":"string"},{"name":"down_hours_on_std","type":"string"},{"name":"down_hours_off_std","type":"string"},{"name":"act_hrs_total","type":"string"},{"name":"utilization_down","type":"string"},{"name":"utilization_util","type":"string"},{"name":"efficiency_setup","type":"string"},{"name":"efficiency_run","type":"string"},{"name":"efficiency_total","type":"string"}],"rows":[["10/11/2023","2","","","","","","","","","","","","","","","","","","","",""],["","","","","","","","","","","","","","","","","","","","","",""],["Digital","","","","","","","","","","","","","","","","","","","","",""],["","","","","","","","","","","","","","","","","","","","","",""],["Machine:","Barberan","","","","","","","","","","","","","","","","","","","",""],["10/11/2023","2","702894 - 4","Disney Integrated Retail - BV","3,335","1","65.06","1","886","nan","0.08","3.34","0.40","3.76","0.09","0.64","4.90","14.97%","85.03%","20.55%","88.75%","80.41%"],["10/11/2023","2","703317 - 6","Solutions2Go","506","1","10.25","1","404","nan","0.08","0.51","0.42","1.25","0.73","0.19","2.60","35.52%","64.48%","19.74%","40.67%","24.64%"],["10/11/2023","2","703317 - 7","Solutions2Go","733","1","23.88","1","872","nan","0.08","0.71","0.01","0.84","0.00","0.00","0.85","0.00%","100.00%","1422.87%","84.50%","93.72%"],["","","","","","","","","","","","","","","","","","","","","Average:","66.26%"],["Machine:","HP C500","","","","","","","","","","","","","","","","","","","",""],["10/11/2023","2","702127 - 1","Babe Original","3,723","8","64.40","1","1,653","16","0.08","2.00","0.03","2.25","0.00","0.00","2.28","0.00%","100.00%","304.90%","88.81%","91.39%"],["10/11/2023","2","703128 - 1","CTC Food International, Inc.","8,900","2","126.58","1","1,116","29","0.08","5.37","0.14","7.98","0.00","0.00","8.12","0.00%","100.00%","58.13%","67.33%","67.17%"],["10/11/2023","2","703096 - 1","Hawaiian Host Group","985","4","13.16",null,"762","12","0.00","0.49","0.00","1.29","0.00","0.00","1.29","0.00%","100.00%","0.00%","37.93%","37.93%"],["10/11/2023","2","702644 - 1","Roseshire Co.","70","2","0.76","1","1,100",null,"0.08","0.04","0.03","0.06","0.00","0.00","0.10","0.00%","100.00%","264.42%","62.88%","129.47%"],["","","","","","","","","","","","","","","","","","","","","Average:","81.49%"],["Machine:","Zund2","","","","","","","","","","","","","","","","","","","",""],["10/11/2023","2","703394 - 2","Oceana USA","65","4","3.41","1","33","nan","0.10","4.42","0.01","2.00","0.00","0.00","2.01","0.00%","100.00%","720.00%","221.43%","224.88%"],["","","","","","","","","","","","","","","","","","","","","Average:","224.88%"],["Analog","","","","","","","","","","","","","","","","","","","","",""],["","","","","","","","","","","","","","","","","","","","","",""],["Machine:","Bobst DC","","","","","","","","","","","","","","","","","","","",""],["10/11/2023","2","703111 - 1","Suja Life","3,245","12","27.94",null,"2,154","7","0.00","0.97","0.00","1.51","0.00","0.03","1.54","2.25%","97.75%","0.00%","64.38%","64.38%"],["","","","","","","","","","","","","","","","","","","","","Average:","64.38%"],["Machine:","EMBA","","","","","","","","","","","","","","","","","","","",""],["10/11/2023","2","702748 - 1","Dpack Inc","12,300","1","94.13",null,"4,019","300","0.00","0.69","0.00","3.06","0.82","0.00","3.88","21.06%","78.94%","0.00%","22.54%","17.79%"],["10/11/2023","2","703477 - 1","Ernest Packaging","20,100","1","46.06",null,"7,053","100","0.00","3.63","0.00","2.85","0.00","0.00","2.85","0.00%","100.00%","0.00%","127.38%","127.38%"],["10/11/2023","2","702222 - 1","Q Trade Teas & Herbs","4,300","1","12.03",null,"11,596","100","0.00","0.24","0.00","0.37","0.00","0.00","0.37","0.00%","100.00%","0.00%","64.72%","64.72%"],["10/11/2023","2","703232 - 1","Royal Paper Box of Calif","375","1","1.79","1","1,730",null,"0.06","0.03","0.05","0.22","0.00","0.00","0.27","0.00%","100.00%","117.60%","13.84%","33.29%"],["10/11/2023","2","703335 - 1","Royal Paper Box of Calif","108","1","0.49","1","1,080",null,"0.05","0.01","0.05","0.10","0.00","0.00","0.15","0.00%","100.00%","98.80%","10.00%","39.60%"],["10/11/2023","2","703342 - 1","Royal Paper Box of Calif","120","1","0.57",null,"134","9","0.00","0.01","0.00","0.90","0.00","0.00","0.90","0.00%","100.00%","0.00%","1.12%","1.12%"],["10/11/2023","2","702694 - 1","South Coast Paper","3,600","1","14.45",null,"7,212","56","0.00","0.25","0.00","0.50","0.00","0.00","0.50","0.00%","100.00%","0.00%","50.08%","50.08%"],["10/11/2023","2","702696 - 1","South Coast Paper","2,200","1","14.51",null,"8,216","100","0.00","0.12","0.00","0.27","0.00","0.00","0.27","0.00%","100.00%","0.00%","44.81%","44.81%"],["10/11/2023","2","702697 - 1","South Coast Paper","2,300","1","9.10",null,"3,046","50","0.00","0.12","0.00","0.76","0.00","0.00","0.76","0.00%","100.00%","0.00%","15.89%","15.89%"],["10/11/2023","2","702698 - 1","South Coast Paper","5,300","1","31.28",null,"3,614","50","0.00","0.30","0.00","1.47","0.00","0.00","1.47","0.00%","100.00%","0.00%","20.46%","20.46%"],["","","","","","","","","","","","","","","","","","","","","Average:","41.51%"],["Machine:","Expert","","","","","","","","","","","","","","","","","","","",""],["10/11/2023","2","703169 - 1","Ernest Packaging",null,"1","0.00","1",null,null,"0.06","0.00","0.26","0.00","1.29","0.00","1.56","83.04%","16.96%","22.24%","0.00%","3.77%"],["10/11/2023","2","703693 - 1","Ernest Packaging","52,523","1","124.38","1","10,816","2,933","0.16","6.99","0.04","4.86","0.23","0.76","5.89","16.78%","83.22%","370.12%","143.94%","139.40%"],["10/11/2023","2","703694 - 1","Ernest Packaging","2,368","1","9.21","1","9,296","163","0.16","0.31","0.38","0.25","0.00","0.00","0.63","0.00%","100.00%","41.49%","121.70%","73.72%"],["10/11/2023","2","703239 - 1","Ohana Packaging","2,011","1","22.34","1","4,952","85","0.06","0.11","0.13","0.41","0.07","0.17","0.77","30.86%","69.14%","45.52%","27.09%","27.80%"],["","","","","","","","","","","","","","","","","","","","","Average:","61.17%"],["Machine:","K7","","","","","","","","","","","","","","","","","","","",""],["10/11/2023","2","703142 - 2","Dyson","2,100","8","40.76","1","2,441","30","0.27","0.45","0.30","0.86","0.00","0.08","1.24","6.07%","93.93%","87.58%","52.31%","61.52%"],["10/11/2023","2","703143 - 2","Dyson","500","8","9.70","1","5,294","40","0.06","0.11","0.18","0.09","0.00","0.00","0.27","0.00%","100.00%","32.54%","116.47%","61.51%"],["10/11/2023","2","703374 - 4","Moose Toys LLC","375","1","5.80","1","3,506",null,"0.33","0.05","0.42","0.11","1.45","0.24","2.21","76.18%","23.82%","79.39%","46.75%","19.41%"],["10/11/2023","2","703368 - 2","Target Corporation - GB","420","2","18.50","1","842","140","0.42","0.07","0.54","0.50","2.34","0.71","4.09","74.56%","25.44%","77.74%","14.03%","14.54%"],["","","","","","","","","","","","","","","","","","","","","Average:","39.24%"],["Machine:","Martin","","","","","","","","","","","","","","","","","","","",""],["10/11/2023","2","703317 - 3","Solutions2Go","772","1","15.12","2","4,342","5","2.16","0.18","0.53","0.18","0.00","0.00","0.71","0.00%","100.00%","409.73%","101.25%","332.03%"],["10/11/2023","2","703317 - 4","Solutions2Go","431","1","8.68","2","1,856","1","2.16","0.13","0.59","0.23","0.45","0.00","1.27","35.19%","64.81%","364.65%","55.98%","180.05%"],["10/11/2023","2","703317 - 5","Solutions2Go","402","1","9.03","1","4,372","2","0.32","0.12","0.30","0.09","0.00","0.00","0.39","0.00%","100.00%","107.95%","130.51%","113.23%"],["10/11/2023","2","703176 - 1","Suja Life","1,068","10","6.69","1","3,614","18","0.86","0.17","0.27","0.30","0.00","0.00","0.57","0.00%","100.00%","318.74%","57.52%","182.16%"],["10/11/2023","2","703177 - 1","Suja Life","640","10","4.01","1","1,535","10","0.53","0.10","0.28","0.42","0.00","0.00","0.69","0.36%","99.64%","190.95%","23.98%","90.04%"],["10/11/2023","2","702854 - 8","Walmart Stores Inc","2,735","1","38.23","2","4,099","5","0.87","0.45","0.43","0.67","0.29","0.00","1.39","21.01%","78.99%","200.51%","67.44%","94.55%"],["10/11/2023","2","702872 - 1","Walmart Stores Inc","810","1","5.67","2","1,510","10","0.87","0.16","0.31","0.54","0.54","0.00","1.38","38.84%","61.16%","280.22%","29.83%","74.18%"],["10/11/2023","2","702872 - 6","Walmart Stores Inc","2,687","1","37.56","1","3,762","12","0.43","0.44","0.05","0.71","0.01","0.47","1.24","38.68%","61.32%","932.34%","61.61%","112.62%"],["","","","","","","","","","","","","","","","","","","","","Average:","147.36%"],["Machine:","Oppliger","","","","","","","","","","","","","","","","","","","",""],["10/11/2023","2","703490 - 1","Mobile  X","1,160","1","30.45","2","911","30","0.49","0.51","0.12","1.27","0.06","0.22","1.68","16.64%","83.36%","399.41%","40.05%","69.03%"],["10/11/2023","2","703490 - 4","Mobile  X","1,160","1","16.51","1","1,606","20","0.25","0.47","0.11","0.72","0.00","0.00","0.84","0.00%","100.00%","218.93%","65.05%","85.78%"],["","","","","","","","","","","","","","","","","","","","","Average:","77.41%"],["Machine:","Post Gluer","","","","","","","","","","","","","","","","","","","",""],["10/11/2023","2","553827 - 1","P.M.",null,"1",null,null,null,null,"0.00","0.00","0.00","0.00","0.00","3.82","3.82","100.00%","0.00%","0.00%","0.00%","0.00%"],["10/11/2023","2","703317 - 8","Solutions2Go","15,000","1","32.50","1","5,449","250","0.37","1.90","0.36","2.75","0.00","0.45","3.57","12.76%","87.24%","104.00%","69.02%","73.05%"],["","","","","","","","","","","","","","","","","","","","","Average:","36.53%"],["Machine:","Roll Coater","","","","","","","","","","","","","","","","","","","",""],["10/11/2023","2","702127 - 1","Babe Original","721","1","1.62","1","603","1","0.32","0.20","0.01","1.20","0.00","0.27","1.47","18.17%","81.83%","6112.40%","16.71%","43.48%"],["","","","","","","","","","","","","","","","","","","","","Average:","43.48%"],["Machine:","Slitter","","","","","","","","","","","","","","","","","","","",""],["10/11/2023","2","703893 - 1","Ring LLC","240","1","4.20","1","54,001","nan","0.10","0.25","0.00","0.00","0.00","0.00","0.01","0.00%","100.00%","3000.03%","5625.06%","4500.05%"],["","","","","","","","","","","","","","","","","","","","","Average:","4500.05%"],["Machine:","Young Shin","","","","","","","","","","","","","","","","","","","",""],["10/11/2023","2","703265 - 1","Amazon","1,366","2","21.25","3","2,407","6","1.11","0.46","0.44","0.57","1.12","0.27","2.39","57.92%","42.08%","253.21%","81.06%","73.91%"],["10/11/2023","2","703265 - 2","Amazon",null,"2","0.00","1",null,null,"0.37","0.00","0.26","0.00","0.00","0.00","0.26","0.00%","100.00%","142.27%","0.00%","142.27%"],["10/11/2023","2","702127 - 1","Babe Original","1,193","8","20.64","2","2,033","3","1.87","0.36","0.63","0.59","0.11","0.04","1.36","10.90%","89.10%","299.13%","61.33%","168.49%"],["10/11/2023","2","703317 - 8","Solutions2Go","3,765","4","29.23",null,"1,351","5","0.00","1.12","0.00","2.79","1.51","0.46","4.76","41.43%","58.57%","0.00%","40.19%","26.05%"],["","","","","","","","","","","","","","","","","","","","","Average:","102.68%"]]},"efficiency_report_df_4_1":{"columns":[{"name":"date","type":"string"},{"name":"shift","type":"string"},{"name":"job","type":"string"},{"name":"customer","type":"string"},{"name":"production_feed_qty","type":"string"},{"name":"production_no_up","type":"string"},{"name":"production_msq","type":"string"},{"name":"production_setups","type":"string"},{"name":"rate_qty_hr","type":"string"},{"name":"waste_qty","type":"string"},{"name":"std_hours_setup","type":"string"},{"name":"std_hours_run","type":"string"},{"name":"prod_hours_setup","type":"string"},{"name":"prod_hours_run","type":"string"},{"name":"down_hours_on_std","type":"string"},{"name":"down_hours_off_std","type":"string"},{"name":"act_hrs_total","type":"string"},{"name":"utilization_down","type":"string"},{"name":"utilization_util","type":"string"},{"name":"efficiency_setup","type":"string"},{"name":"efficiency_run","type":"string"},{"name":"efficiency_total","type":"string"}],"rows":[["10/12/2023","1","","","","","","","","","","","","","","","","","","","",""],["","","","","","","","","","","","","","","","","","","","","",""],["Digital","","","","","","","","","","","","","","","","","","","","",""],["","","","","","","","","","","","","","","","","","","","","",""],["Machine:","Barberan","","","","","","","","","","","","","","","","","","","",""],["10/12/2023","1","702872 - 4","Walmart Stores Inc","1,589","1","70.00","1","375","nan","0.08","2.80","0.60","4.24","1.99","1.34","8.16","40.72%","59.28%","13.80%","66.07%","42.24%"],["","","","","","","","","","","","","","","","","","","","","Average:","42.24%"],["Machine:","HP C500","","","","","","","","","","","","","","","","","","","",""],["10/12/2023","1","701318 - 2","Babe Original","200","1","2.88","1","496",null,"0.03","0.11","0.22","0.40","0.00","0.00","0.62","0.00%","100.00%","15.42%","27.27%","23.15%"],["10/12/2023","1","703929 - 1","Best Box Store DIY","20","1","0.00","1","111",null,"0.08","0.01","0.31","0.18","0.00","0.00","0.49","0.00%","100.00%","26.87%","5.56%","19.02%"],["10/12/2023","1","703952 - 1","Best Box Store DIY",null,"1",null,"1",null,null,"0.08","0.00","1.39","0.00","0.00","5.26","6.64","79.11%","20.89%","5.98%","0.00%","5.98%"],["10/12/2023","1","703174 - 1","Custom Packaging Supply","970","1","14.55","1","1,254",null,"0.08","0.54","0.26","0.77","0.00","0.00","1.03","0.00%","100.00%","32.16%","69.80%","60.39%"],["10/12/2023","1","702185 - 1","MeriCal","3,000","1","26.56","1","1,050",null,"0.08","1.63","0.12","2.86","0.00","0.00","2.98","0.00%","100.00%","66.70%","57.07%","57.47%"],["","","","","","","","","","","","","","","","","","","","","Average:","33.2%"],["Machine:","Kong C64","","","","","","","","","","","","","","","","","","","",""],["10/12/2023","1","703257 - 1","Royal Paper Box of Calif","32","2","1.73",null,"22","nan","0.00","0.12","0.01","1.43","0.00","0.00","1.44","0.00%","100.00%","0.00%","8.38%","8.33%"],["10/12/2023","1","703631 - 1","Royal Paper Box of Calif","4","6","0.22","2","12","nan","0.14","0.04","0.18","0.35","0.00","0.00","0.52","0.00%","100.00%","80.58%","11.52%","34.86%"],["10/12/2023","1","703632 - 1","Royal Paper Box of Calif","4","2","0.22","1","22","nan","0.07","0.01","0.02","0.18","0.00","0.00","0.20","0.00%","100.00%","389.46%","5.43%","40.20%"],["10/12/2023","1","703633 - 1","Royal Paper Box of Calif","1","8","0.05","1","11","nan","0.07","0.00","0.01","0.09","0.00","0.00","0.10","0.00%","100.00%","642.60%","0.00%","68.54%"],["10/12/2023","1","703634 - 1","Royal Paper Box of Calif","2","2","0.11","1","7","nan","0.07","0.01","0.10","0.29","0.00","0.00","0.40","0.00%","100.00%","68.54%","3.40%","20.42%"],["10/12/2023","1","703646 - 1","Royal Paper Box of Calif","11","6","0.60","1","10","nan","0.07","0.12","0.03","1.10","0.00","0.00","1.13","0.00%","100.00%","205.63%","10.95%","16.93%"],["10/12/2023","1","703647 - 1","Royal Paper Box of Calif","11","4","0.60","1","23","nan","0.07","0.08","0.05","0.47","0.00","0.00","0.52","0.00%","100.00%","158.67%","16.95%","29.29%"],["10/12/2023","1","703484 - 4","Ultra Mobile","16","1","0.13","1","22","nan","0.07","0.00","0.09","0.71","0.00","0.00","0.80","0.00%","100.00%","81.34%","0.00%","8.90%"],["","","","","","","","","","","","","","","","","","","","","Average:","28.43%"],["Machine:","Zund","","","","","","","","","","","","","","","","","","","",""],["10/12/2023","1","703394 - 12","Oceana USA","65","4","3.41","1","10","nan","0.07","12.68","0.02","6.31","0.00","0.00","6.33","0.00%","100.00%","367.20%","200.89%","201.40%"],["10/12/2023","1","703394 - 16","Oceana USA","65","12","3.41","1","32","nan","0.07","7.52","0.04","2.03","0.00","0.00","2.07","0.00%","100.00%","176.06%","369.79%","366.00%"],["10/12/2023","1","703394 - 5","Oceana USA","66","8","3.47","1","36","nan","0.07","5.28","0.15","1.85","0.00","0.00","2.00","0.00%","100.00%","46.40%","285.58%","267.20%"],["10/12/2023","1","703394 - 6","Oceana USA","66","4","3.47","1","74","nan","0.07","2.20","0.02","0.89","0.00","0.00","0.91","0.00%","100.00%","306.00%","247.35%","248.84%"],["10/12/2023","1","703394 - 8","Oceana USA","66","2","3.47","1","36","nan","0.07","5.55","1.50","1.82","0.00","0.00","3.31","0.00%","100.00%","4.78%","305.74%","169.80%"],["","","","","","","","","","","","","","","","","","","","","Average:","250.65%"],["Machine:","Zund2","","","","","","","","","","","","","","","","","","","",""],["10/12/2023","1","703929 - 1","Best Box Store DIY","50","1","1.74","1","36","nan","0.10","0.00","0.39","1.39","0.00","0.00","1.78","0.00%","100.00%","25.70%","0.00%","5.62%"],["10/12/2023","1","703394 - 3","Oceana USA","65","8","3.41","1","17","nan","0.10","6.34","0.06","3.76","0.00","0.00","3.82","0.00%","100.00%","169.01%","168.44%","168.45%"],["","","","","","","","","","","","","","","","","","","","","Average:","87.04%"],["Analog","","","","","","","","","","","","","","","","","","","","",""],["","","","","","","","","","","","","","","","","","","","","",""],["Machine:","EMBA","","","","","","","","","","","","","","","","","","","",""],["10/12/2023","1","702987 - 1","CC Wellness LLC","550","1","0.92","1","5,410","25","0.09","0.06","0.14","0.10","0.00","0.00","0.24","0.00%","100.00%","62.85%","59.02%","61.21%"],["10/12/2023","1","703477 - 1","Ernest Packaging","59,620","1","136.63",null,"16,365","45","0.00","10.76","0.00","3.64","0.00","0.00","3.64","0.00%","100.00%","0.00%","295.36%","295.36%"],["10/12/2023","1","701549 - 1","Hain Celestial Group","3,184","1","7.19","1","3,524","34","0.09","0.18","0.12","0.90","0.00","0.00","1.02","0.00%","100.00%","70.67%","19.92%","25.89%"],["","","","","","","","","","","","","","","","","","","","","Average:","127.49%"],["Machine:","Expert","","","","","","","","","","","","","","","","","","","",""],["10/12/2023","1","703175 - 1","33 Degrees","1,118","1","12.55","1","2,000","68","0.06","0.15","0.05","0.56","0.00","0.00","0.61","0.00%","100.00%","110.83%","26.84%","34.12%"],["10/12/2023","1","702732 - 2","Backbone Labs Inc.","736","1","5.51","1","16,876","93","0.05","0.04","0.03","0.04","0.00","0.00","0.08","0.00%","100.00%","149.45%","91.72%","116.61%"],["10/12/2023","1","702484 - 1","Ernest Packaging",null,"1","0.00","1",null,"100","0.15","0.00","0.02","0.00","0.00","0.00","0.02","0.00%","100.00%","713.67%","0.00%","713.67%"],["10/12/2023","1","703169 - 1","Ernest Packaging","990","1","5.05",null,"5,621","2","0.00","0.06","0.01","0.18","0.76","0.00","0.94","80.59%","19.41%","0.00%","34.07%","6.40%"],["10/12/2023","1","703322 - 1","Ernest Packaging","8,851","1","33.44","1","3,119","451","0.15","0.76","0.06","2.84","2.12","0.64","5.66","48.71%","51.29%","229.62%","26.78%","18.06%"],["10/12/2023","1","703245 - 1","Ohana Packaging","1,275","1","14.58","1","5,598","25","0.06","0.07","0.28","0.23","0.00","0.00","0.51","0.00%","100.00%","21.05%","30.73%","25.40%"],["10/12/2023","1","703496 - 1","Royal Paper Box of Calif","230","1","1.12","1","4,119","98","0.06","0.02","0.12","0.06","0.00","0.00","0.17","0.00%","100.00%","49.92%","35.82%","45.39%"],["10/12/2023","1","702691 - 1","South Coast Paper","1,688","1","25.53","1","4,205","113","0.06","0.25","0.14","0.40","0.00","0.18","0.71","24.62%","75.38%","43.47%","62.28%","57.54%"],["","","","","","","","","","","","","","","","","","","","","Average:","127.15%"],["Machine:","K7","","","","","","","","","","","","","","","","","","","",""],["10/12/2023","1","703374 - 3","Moose Toys LLC","1,885","1","38.84","1","1,791",null,"0.43","0.38","0.59","1.05","0.00","0.24","1.88","12.71%","87.29%","73.03%","36.10%","49.40%"],["10/12/2023","1","703374 - 4","Moose Toys LLC","2,535","1","39.19",null,"3,139","15","0.00","0.34","0.00","0.81","0.46","0.21","1.48","45.34%","54.66%","0.00%","42.11%","26.90%"],["10/12/2023","1","702647 - 1","Roseshire Co.","161","1","2.26","1","614","3","0.17","0.04","0.31","0.26","0.00","0.00","0.57","0.00%","100.00%","53.25%","15.25%","35.88%"],["10/12/2023","1","703317 - 7","Solutions2Go","725","1","23.62","1","4,516",null,"0.43","0.22","0.26","0.16","0.00","0.00","0.42","0.00%","100.00%","164.76%","137.02%","154.24%"],["","","","","","","","","","","","","","","","","","","","","Average:","66.61%"],["Machine:","Martin","","","","","","","","","","","","","","","","","","","",""],["10/12/2023","1","703490 - 6","Mobile  X","1,000","1","7.50","2","2,896","7","2.16","0.19","0.61","0.35","0.10","0.00","1.05","9.29%","90.71%","355.17%","55.03%","223.68%"],["10/12/2023","1","703490 - 7","Mobile  X","1,045","1","39.23","1","1,431","5","2.44","0.28","0.61","0.73","0.84","0.55","2.73","50.82%","49.18%","397.57%","38.34%","124.50%"],["10/12/2023","1","702854 - 3","Walmart Stores Inc",null,"1","0.00",null,null,null,"0.41","0.00","0.44","0.00","0.55","0.24","1.23","64.10%","35.90%","92.68%","0.00%","41.40%"],["10/12/2023","1","702872 - 1","Walmart Stores Inc","7,220","1","50.54",null,"4,584","20","0.00","1.44","0.00","1.57","0.41","0.46","2.44","35.47%","64.53%","0.00%","91.43%","72.52%"],["","","","","","","","","","","","","","","","","","","","","Average:","115.53%"],["Machine:","Post Gluer","","","","","","","","","","","","","","","","","","","",""],["10/12/2023","1","703143 - 1","Dyson","1,700","1","18.35","1","3,181","25","0.07","0.31","0.06","0.53","0.00","0.21","0.80","26.09%","73.91%","120.00%","58.00%","63.87%"],["10/12/2023","1","703317 - 7","Solutions2Go","817","1","26.62","1","1,189","187","0.37","0.46","0.16","0.69","0.11","0.00","0.96","11.48%","88.52%","234.41%","66.96%","87.16%"],["","","","","","","","","","","","","","","","","","","","","Average:","75.52%"],["Machine:","Roll Coater","","","","","","","","","","","","","","","","","","","",""],["10/12/2023","1","701318 - 1","Babe Original","2,160","1","3.96","1","751",null,"0.13","0.50","2.03","2.87","0.00","0.00","4.90","0.00%","100.00%","6.36%","17.39%","12.83%"],["","","","","","","","","","","","","","","","","","","","","Average:","12.83%"],["Machine:","Young Shin","","","","","","","","","","","","","","","","","","","",""],["10/12/2023","1","703143 - 1","Dyson","850","2","18.35","1","978",null,"0.14","0.28","0.42","0.87","0.76","0.26","2.30","44.26%","55.74%","34.35%","32.23%","20.63%"],["10/12/2023","1","703490 - 3","Mobile  X",null,"1","0.00","1",null,null,"0.98","0.00","0.58","0.00","0.00","2.14","2.72","78.72%","21.28%","169.85%","0.00%","169.85%"],["10/12/2023","1","703317 - 12","Solutions2Go","375","1","7.84","1","2,500",null,"0.94","0.25","0.19","0.15","0.00","0.00","0.34","0.00%","100.00%","492.16%","166.67%","348.56%"],["10/12/2023","1","703317 - 2","Solutions2Go","1,300","1","12.03","1","3,963",null,"0.37","0.42","0.18","0.33","0.00","0.00","0.51","0.00%","100.00%","208.17%","128.03%","156.16%"],["10/12/2023","1","703317 - 6","Solutions2Go","640","1","12.96","1","3,617",null,"0.98","0.41","0.26","0.18","0.17","0.02","0.63","31.26%","68.74%","383.26%","231.71%","229.29%"],["","","","","","","","","","","","","","","","","","","","","Average:","184.9%"]]},"efficiency_report_df_4_2":{"columns":[{"name":"date","type":"string"},{"name":"shift","type":"string"},{"name":"job","type":"string"},{"name":"customer","type":"string"},{"name":"production_feed_qty","type":"string"},{"name":"production_no_up","type":"string"},{"name":"production_msq","type":"string"},{"name":"production_setups","type":"string"},{"name":"rate_qty_hr","type":"string"},{"name":"waste_qty","type":"string"},{"name":"std_hours_setup","type":"string"},{"name":"std_hours_run","type":"string"},{"name":"prod_hours_setup","type":"string"},{"name":"prod_hours_run","type":"string"},{"name":"down_hours_on_std","type":"string"},{"name":"down_hours_off_std","type":"string"},{"name":"act_hrs_total","type":"string"},{"name":"utilization_down","type":"string"},{"name":"utilization_util","type":"string"},{"name":"efficiency_setup","type":"string"},{"name":"efficiency_run","type":"string"},{"name":"efficiency_total","type":"string"}],"rows":[["10/12/2023","2","","","","","","","","","","","","","","","","","","","",""],["","","","","","","","","","","","","","","","","","","","","",""],["Digital","","","","","","","","","","","","","","","","","","","","",""],["","","","","","","","","","","","","","","","","","","","","",""],["Machine:","Barberan","","","","","","","","","","","","","","","","","","","",""],["10/12/2023","2","702894 - 3","Disney Integrated Retail - BV","1,000","1","19.14","1","486","nan","0.08","0.97","0.45","2.06","0.30","0.00","2.81","10.59%","89.41%","18.25%","47.17%","37.49%"],["10/12/2023","2","703441 - 1","Ontel Products Corp.","325","1","4.43","1","709","nan","0.03","0.18","0.32","0.46","0.00","0.47","1.25","38.00%","62.00%","10.52%","39.25%","27.54%"],["10/12/2023","2","703441 - 4","Ontel Products Corp.","246","2","1.20","1","1,223","nan","0.03","0.10","0.10","0.20","0.05","0.00","0.35","13.98%","86.02%","32.75%","49.72%","37.88%"],["10/12/2023","2","703442 - 1","Ontel Products Corp.","487","1","6.63","1","1,161","nan","0.05","0.27","0.15","0.42","0.08","0.00","0.65","12.23%","87.77%","33.50%","64.37%","49.41%"],["10/12/2023","2","703442 - 4","Ontel Products Corp.","246","2","1.20","1","1,207","nan","0.05","0.10","0.03","0.20","0.05","0.00","0.29","18.11%","81.89%","143.55%","49.05%","51.41%"],["10/12/2023","2","703317 - 6","Solutions2Go","487","1","9.86",null,"607","nan","0.00","0.49","0.00","0.80","0.25","0.00","1.05","23.75%","76.25%","0.00%","61.10%","46.59%"],["10/12/2023","2","702872 - 4","Walmart Stores Inc","1,127","1","49.65",null,"543","nan","0.00","1.98","0.00","2.08","0.03","0.15","2.25","7.84%","92.16%","0.00%","95.38%","94.25%"],["","","","","","","","","","","","","","","","","","","","","Average:","49.22%"],["Machine:","HP C500","","","","","","","","","","","","","","","","","","","",""],["10/12/2023","2","702853 - 1","Axiom Print","575","2","6.58","1","1,321","8","0.08","0.34","0.02","0.44","0.00","0.00","0.46","0.00%","100.00%","351.53%","78.11%","92.18%"],["10/12/2023","2","703174 - 1","Custom Packaging Supply","75","1","1.13","1","1,824",null,"0.08","0.04","0.04","0.04","0.00","0.00","0.08","0.00%","100.00%","219.71%","97.30%","155.92%"],["10/12/2023","2","703452 - 1","Fancy Sprinkles, LLC","1,753","2","22.50","1","2,091","8","0.02","0.91","0.05","0.84","0.00","0.00","0.88","0.00%","100.00%","36.22%","108.55%","104.80%"],["10/12/2023","2","703312 - 1","Kinderfarms","165","1","1.99","1","2,225",null,"0.08","0.08","0.03","0.07","0.00","0.00","0.11","0.00%","100.00%","262.10%","107.87%","154.02%"],["10/12/2023","2","703312 - 3","Kinderfarms","30","6","0.22","2","283",null,"0.17","0.01","0.06","0.11","0.00","0.00","0.17","0.00%","100.00%","259.83%","9.45%","103.70%"],["10/12/2023","2","702185 - 1","MeriCal","1,953","1","17.29",null,"1,090","16","0.00","1.06","0.00","1.79","0.00","0.00","1.79","0.00%","100.00%","0.00%","59.15%","59.15%"],["10/12/2023","2","702617 - 1","MeriCal","9,149","1","81.96","1","1,329",null,"0.08","4.70","0.04","6.88","0.00","0.00","6.92","0.00%","100.00%","229.85%","68.29%","69.14%"],["","","","","","","","","","","","","","","","","","","","","Average:","105.56%"],["Machine:","Zund","","","","","","","","","","","","","","","","","","","",""],["10/12/2023","2","702644 - 1","Roseshire Co.","100","2","1.08","1","275","nan","0.07","3.73","0.00","0.36","0.00","0.00","0.37","0.00%","100.00%","1835.99%","1024.26%","1032.83%"],["","","","","","","","","","","","","","","","","","","","","Average:","1032.83%"],["Machine:","Zund2","","","","","","","","","","","","","","","","","","","",""],["10/12/2023","2","703394 - 4","Oceana USA","65","3","3.41","1","19,500","nan","0.10","4.45","3.30","0.00","0.00","0.00","3.30","0.00%","100.00%","3.03%","133501.34%","137.69%"],["","","","","","","","","","","","","","","","","","","","","Average:","137.69%"],["Analog","","","","","","","","","","","","","","","","","","","","",""],["","","","","","","","","","","","","","","","","","","","","",""],["Machine:","EMBA","","","","","","","","","","","","","","","","","","","",""],["10/12/2023","2","703629 - 1","Custom Packaging Supply","350","1","0.75",null,"2,246","35","0.00","0.14","0.00","0.16","0.00","0.00","0.16","0.00%","100.00%","0.00%","89.84%","89.84%"],["10/12/2023","2","701553 - 1","Hain Celestial Group","11,100","1","25.05",null,"21,233","75","0.00","0.58","0.00","0.52","0.00","0.00","0.52","0.00%","100.00%","0.00%","110.95%","110.95%"],["10/12/2023","2","703575 - 1","Kenwick Inc.","3,100","1","5.62",null,"714","100","0.00","0.50","0.00","4.34","0.00","0.00","4.34","0.00%","100.00%","0.00%","11.51%","11.51%"],["10/12/2023","2","699232 - 1","Pacira CryoTech, Inc.","2,500","1","5.63",null,"1,007","100","0.00","0.16","0.00","2.48","0.00","0.00","2.48","0.00%","100.00%","0.00%","6.44%","6.44%"],["","","","","","","","","","","","","","","","","","","","","Average:","54.69%"],["Machine:","Expert","","","","","","","","","","","","","","","","","","","",""],["10/12/2023","2","703108 - 1","Amalie Motor Oil","1,250","1","11.67","1","4,818","200","0.08","0.07","0.08","0.26","0.00","0.00","0.34","0.00%","100.00%","98.16%","26.98%","43.80%"],["10/12/2023","2","703311 - 1","Amalie Motor Oil","18,291","1","62.88","1","7,129","291","0.07","1.25","0.12","2.57","0.69","0.50","3.87","30.67%","69.33%","56.97%","48.72%","39.08%"],["10/12/2023","2","702755 - 1","AVC Corporation","5,275","1","34.95","1","7,966","25","0.05","0.30","0.12","0.66","0.00","0.00","0.79","0.00%","100.00%","39.68%","45.30%","44.41%"],["10/12/2023","2","702484 - 1","Ernest Packaging","16,391","1","75.47","1","12,767","641","0.15","1.05","0.14","1.28","0.00","0.00","1.43","0.00%","100.00%","102.75%","81.78%","83.88%"],["10/12/2023","2","702988 - 1","Ernest Packaging","5,421","1","22.02","1","11,610","171","0.06","0.28","0.18","0.47","0.00","0.36","1.01","36.01%","63.99%","32.62%","59.96%","52.35%"],["10/12/2023","2","700287 - 1","Hawaiian Host Group","8,426","1","77.41","1","7,466","76","0.06","0.47","0.11","1.13","0.45","0.00","1.69","26.91%","73.09%","55.27%","41.64%","31.30%"],["10/12/2023","2","698444 - 1","Nellson Nutraceutical LLC",null,"1","0.00","1",null,null,"0.06","0.00","0.21","0.00","0.00","0.00","0.21","0.00%","100.00%","27.46%","0.00%","27.46%"],["10/12/2023","2","703074 - 1","Ohana Packaging","3,884","1","35.60","1","10,657","9","0.06","0.22","0.10","0.36","0.00","0.00","0.47","0.00%","100.00%","58.31%","60.37%","59.92%"],["10/12/2023","2","703240 - 1","Ohana Packaging","2,674","1","37.66","1","7,884","49","0.06","0.24","0.22","0.34","0.00","0.00","0.56","0.00%","100.00%","26.59%","70.76%","53.33%"],["10/12/2023","2","703245 - 1","Ohana Packaging","1,374","1","15.72","1","9,549","24","0.06","0.07","0.01","0.14","0.00","0.00","0.16","0.00%","100.00%","407.08%","48.65%","81.35%"],["10/12/2023","2","703636 - 1","Royal Paper Box of Calif","245","1","3.86","1","2,513","143","0.06","0.03","0.16","0.10","0.00","0.00","0.26","0.00%","100.00%","36.06%","30.77%","34.08%"],["","","","","","","","","","","","","","","","","","","","","Average:","50.09%"],["Machine:","K7","","","","","","","","","","","","","","","","","","","",""],["10/12/2023","2","703374 - 3","Moose Toys LLC","1,000","1","20.60",null,"3,711",null,"0.00","0.20","0.00","0.27","0.00","0.26","0.53","48.89%","51.11%","0.00%","74.23%","74.23%"],["10/12/2023","2","703355 - 1","Target Corporation - GB","300","1","11.12","1","612","15","0.38","0.05","0.48","0.49","0.15","0.00","1.12","13.79%","86.21%","80.30%","10.19%","38.58%"],["10/12/2023","2","703356 - 1","Target Corporation - GB","300","1","11.12","1","1,136","10","0.38","0.05","0.37","0.26","0.09","0.26","0.98","36.04%","63.96%","104.69%","18.93%","60.09%"],["10/12/2023","2","703367 - 1","Target Corporation - GB","300","1","6.20","2","927","10","0.77","0.04","1.02","0.32","1.18","0.00","2.53","46.72%","53.28%","74.79%","12.36%","31.86%"],["10/12/2023","2","703367 - 2","Target Corporation - GB",null,"1","0.00","3",null,null,"1.15","0.00","1.19","0.00","2.41","0.00","3.60","67.03%","32.97%","96.92%","0.00%","31.95%"],["","","","","","","","","","","","","","","","","","","","","Average:","47.34%"],["Machine:","Martin","","","","","","","","","","","","","","","","","","","",""],["10/12/2023","2","703129 - 1","Earth Friendly Products","5,592","2","89.47","2","2,253","42","0.87","1.00","0.45","2.48","0.41","0.75","4.09","28.34%","71.66%","192.11%","40.29%","55.80%"],["10/12/2023","2","702997 - 1","Jenjil Packaging",null,"2",null,"1",null,null,"0.43","0.00","0.25","0.00","0.10","0.00","0.36","29.30%","70.70%","172.05%","0.00%","121.65%"],["10/12/2023","2","703442 - 3","Ontel Products Corp.","465","1","5.01","2","1,047","5","0.52","0.13","0.47","0.44","0.34","0.00","1.26","27.08%","72.92%","109.36%","29.27%","51.51%"],["10/12/2023","2","702854 - 3","Walmart Stores Inc","2,874","1","46.26","1","2,118","29","0.43","0.57","0.05","1.36","0.06","0.00","1.47","4.11%","95.89%","879.66%","42.01%","68.37%"],["","","","","","","","","","","","","","","","","","","","","Average:","74.33%"],["Machine:","Roll Coater","","","","","","","","","","","","","","","","","","","",""],["10/12/2023","2","701318 - 1","Babe Original","3,600","1","6.60",null,"609",null,"0.00","0.83","0.00","5.91","0.00","0.57","6.48","8.76%","91.24%","0.00%","14.04%","14.04%"],["","","","","","","","","","","","","","","","","","","","","Average:","14.04%"],["Machine:","Slitter","","","","","","","","","","","","","","","","","","","",""],["10/12/2023","2","703484 - 3","Ultra Mobile","310","9","2.60","1","48,522","nan","0.26","0.57","0.00","0.01","0.00","0.00","0.01","0.00%","100.00%","6721.70%","8921.72%","8089.28%"],["","","","","","","","","","","","","","","","","","","","","Average:","8089.28%"],["Machine:","Young Shin","","","","","","","","","","","","","","","","","","","",""],["10/12/2023","2","703265 - 2","Amazon","1,294","2","20.13",null,"1,989","4","0.00","0.44","0.00","0.65","0.00","0.28","0.93","30.13%","69.87%","0.00%","67.63%","67.63%"],["10/12/2023","2","703490 - 1","Mobile  X","1,116","1","29.30","2","953","6","1.87","0.81","0.45","1.17","0.55","0.59","2.76","41.20%","58.80%","411.79%","69.15%","123.05%"],["10/12/2023","2","703490 - 3","Mobile  X","1,135","1","23.57","1","600","10","0.94","0.74","0.40","1.89","0.75","0.00","3.04","24.73%","75.27%","235.57%","39.15%","55.13%"],["10/12/2023","2","703490 - 4","Mobile  X","516","1","7.35","4","524",null,"3.74","0.30","0.79","0.98","1.01","0.26","3.05","41.81%","58.19%","473.68%","30.49%","145.10%"],["10/12/2023","2","703317 - 1","Solutions2Go","1,950","2","20.57","1","1,893",null,"0.37","0.61","0.35","1.03","0.00","0.33","1.72","19.35%","80.65%","104.17%","59.21%","70.72%"],["","","","","","","","","","","","","","","","","","","","","Average:","92.33%"]]},"efficiency_report_df_5_1":{"columns":[{"name":"date","type":"string"},{"name":"shift","type":"string"},{"name":"job","type":"string"},{"name":"customer","type":"string"},{"name":"production_feed_qty","type":"string"},{"name":"production_no_up","type":"string"},{"name":"production_msq","type":"string"},{"name":"production_setups","type":"string"},{"name":"rate_qty_hr","type":"string"},{"name":"waste_qty","type":"string"},{"name":"std_hours_setup","type":"string"},{"name":"std_hours_run","type":"string"},{"name":"prod_hours_setup","type":"string"},{"name":"prod_hours_run","type":"string"},{"name":"down_hours_on_std","type":"string"},{"name":"down_hours_off_std","type":"string"},{"name":"act_hrs_total","type":"string"},{"name":"utilization_down","type":"string"},{"name":"utilization_util","type":"string"},{"name":"efficiency_setup","type":"string"},{"name":"efficiency_run","type":"string"},{"name":"efficiency_total","type":"string"}],"rows":[["10/13/2023","1","","","","","","","","","","","","","","","","","","","",""],["","","","","","","","","","","","","","","","","","","","","",""],["Digital","","","","","","","","","","","","","","","","","","","","",""],["","","","","","","","","","","","","","","","","","","","","",""],["Machine:","Barberan","","","","","","","","","","","","","","","","","","","",""],["10/13/2023","1","703374 - 1","Moose Toys LLC","1,539","1","74.38","1","637","nan","0.08","2.64","1.30","2.41","2.07","0.47","6.26","40.67%","59.33%","6.40%","109.35%","47.11%"],["","","","","","","","","","","","","","","","","","","","","Average:","47.11%"],["Machine:","HP C500","","","","","","","","","","","","","","","","","","","",""],["10/13/2023","1","702617 - 1","MeriCal","2,818","1","25.24","1","1,400",null,"0.08","1.45","0.01","2.01","0.00","0.00","2.02","0.00%","100.00%","878.83%","72.05%","75.82%"],["10/13/2023","1","700901 - 1","Voyant Beauty Inc.","8,700","1","79.27","1","1,850",null,"0.08","4.41","0.08","4.70","0.00","0.71","5.49","12.85%","87.15%","100.27%","93.78%","93.89%"],["10/13/2023","1","701868 - 1","Voyant Beauty Inc.","1,222","1","11.13","1","1,994",null,"0.08","0.62","0.89","0.61","2.57","0.00","4.08","63.03%","36.97%","9.28%","101.18%","17.24%"],["","","","","","","","","","","","","","","","","","","","","Average:","62.32%"],["Machine:","Kong C64","","","","","","","","","","","","","","","","","","","",""],["10/13/2023","1","703721 - 1","Royal Paper Box of Calif","10","2","0.54","1","10","nan","0.07","0.04","0.05","0.99","0.00","0.00","1.05","0.00%","100.00%","133.88%","4.03%","10.64%"],["10/13/2023","1","703723 - 1","Royal Paper Box of Calif","2","1","0.01","1","3","nan","0.07","0.00","0.00","0.67","0.00","0.00","0.67","0.00%","100.00%","1835.99%","0.00%","10.65%"],["10/13/2023","1","703724 - 1","Royal Paper Box of Calif","8","2","0.43","1","20","nan","0.07","0.03","0.11","0.40","0.00","0.00","0.51","0.00%","100.00%","67.46%","7.44%","19.91%"],["10/13/2023","1","703773 - 1","Royal Paper Box of Calif","5","1","0.04","1","17","nan","0.07","0.01","0.04","0.29","0.00","0.00","0.33","0.00%","100.00%","174.86%","3.48%","24.83%"],["10/13/2023","1","703774 - 1","Royal Paper Box of Calif","6","6","0.33","1","13","nan","0.07","0.07","0.06","0.47","0.00","0.00","0.53","0.00%","100.00%","129.82%","14.79%","26.76%"],["10/13/2023","1","703858 - 1","Royal Paper Box of Calif",null,"6",null,null,null,"nan","0.00","0.00","0.00","0.00","0.00","71.71","71.71","100.00%","0.00%","0.00%","0.00%","0.00%"],["","","","","","","","","","","","","","","","","","","","","Average:","15.47%"],["Machine:","Zund2","","","","","","","","","","","","","","","","","","","",""],["10/13/2023","1","703394 - 7","Oceana USA","68","6","2.34","1","11","nan","0.10","12.24","0.41","6.39","0.00","0.00","6.80","0.00%","100.00%","24.39%","191.44%","181.37%"],["","","","","","","","","","","","","","","","","","","","","Average:","181.37%"],["Analog","","","","","","","","","","","","","","","","","","","","",""],["","","","","","","","","","","","","","","","","","","","","",""],["Machine:","EMBA","","","","","","","","","","","","","","","","","","","",""],["10/13/2023","1","701812 - 1","Bobrick Washroom Equipment, Inc.",null,"1","0.00","1",null,null,"0.09","0.00","1.60","0.00","0.00","0.00","1.60","0.00%","100.00%","5.31%","0.00%","5.31%"],["10/13/2023","1","703057 - 1","Maxey Management","1,600","1","8.18","1","5,129","25","0.06","0.10","0.02","0.31","0.00","0.00","0.34","0.00%","100.00%","255.04%","32.06%","47.40%"],["10/13/2023","1","701847 - 1","MeriCal","1,200","1","5.73","1","4,581","45","0.06","0.07","0.05","0.26","0.00","0.00","0.31","0.00%","100.00%","124.52%","26.72%","41.66%"],["10/13/2023","1","702626 - 1","MeriCal","1,724","1","7.90","1","4,118","44","0.06","0.09","0.12","0.42","0.00","0.00","0.54","0.00%","100.00%","50.16%","21.50%","27.77%"],["10/13/2023","1","703432 - 1","MeriCal","1,200","1","7.18","1","1,641","45","0.06","0.07","0.40","0.73","0.00","0.00","1.14","0.00%","100.00%","14.54%","9.57%","11.34%"],["10/13/2023","1","703637 - 1","Ohana Packaging","6,351","1","42.74","1","5,131","51","0.09","0.42","0.10","1.24","0.00","0.00","1.34","0.00%","100.00%","82.45%","33.93%","37.67%"],["","","","","","","","","","","","","","","","","","","","","Average:","28.53%"],["Machine:","Expert","","","","","","","","","","","","","","","","","","","",""],["10/13/2023","1","703008 - 1","e.l.f Cosmetics - A.D.","10,206","1","132.68","1","6,296","66","0.14","0.66","0.11","1.62","0.00","0.17","1.89","8.74%","91.26%","130.76%","40.71%","46.19%"],["10/13/2023","1","703167 - 1","Ernest Packaging","7,600","1","34.04","1","7,887","40","0.06","0.52","0.25","0.96","2.18","0.09","3.49","65.10%","34.90%","23.12%","53.96%","17.02%"],["10/13/2023","1","703312 - 2","Kinderfarms",null,"1","0.00","1",null,"16","0.06","0.00","0.01","0.00","0.53","0.22","0.76","98.06%","1.94%","402.66%","0.00%","10.97%"],["10/13/2023","1","698443 - 1","Nellson Nutraceutical LLC","15,800","1","64.19",null,"13,549","50","0.01","0.81","0.08","1.17","0.00","0.64","1.89","34.10%","65.90%","7.54%","69.46%","65.58%"],["10/13/2023","1","703718 - 1","Royal Paper Box of Calif","250","1","1.84","1","3,346","31","0.06","0.02","0.10","0.07","0.00","0.00","0.18","0.00%","100.00%","56.95%","26.77%","44.28%"],["10/13/2023","1","703261 - 1","Vegamour","5,413","1","26.46","1","7,666","163","0.06","0.28","0.28","0.71","0.21","0.52","1.71","42.70%","57.30%","21.36%","39.65%","28.40%"],["","","","","","","","","","","","","","","","","","","","","Average:","35.41%"],["Machine:","K7","","","","","","","","","","","","","","","","","","","",""],["10/13/2023","1","703205 - 1","Hain Celestial Group","1,610","4","9.35","1","4,300","10","0.43","0.32","0.91","0.37","0.00","0.00","1.29","0.00%","100.00%","47.34%","85.46%","58.42%"],["10/13/2023","1","703368 - 1","Target Corporation - GB","1,275","2","21.91","1","1,399","5","0.25","0.18","0.67","0.91","0.00","0.00","1.58","0.00%","100.00%","37.59%","19.76%","27.28%"],["","","","","","","","","","","","","","","","","","","","","Average:","42.85%"],["Machine:","Martin","","","","","","","","","","","","","","","","","","","",""],["10/13/2023","1","703128 - 1","CTC Food International, Inc.","10,280","2","146.20","1","3,120","30","0.50","1.85","0.37","3.29","0.29","0.69","4.64","21.07%","78.93%","134.03%","56.16%","59.33%"],["10/13/2023","1","702857 - 1","Royal Paper Box of Calif","1,582","3","14.77","1","5,135","4","0.32","0.30","0.28","0.31","0.79","0.18","1.56","62.47%","37.53%","117.01%","97.39%","45.33%"],["","","","","","","","","","","","","","","","","","","","","Average:","52.33%"],["Machine:","Post Gluer","","","","","","","","","","","","","","","","","","","",""],["10/13/2023","1","703142 - 1","Dyson","12,215","1","131.82","3","3,820","15","0.92","2.21","0.41","3.20","0.03","0.73","4.36","17.42%","82.58%","226.35%","69.11%","86.18%"],["10/13/2023","1","703143 - 1","Dyson","2,118","1","22.86",null,"5,201","118","0.00","0.38","0.00","0.41","0.01","0.35","0.76","46.69%","53.31%","0.00%","93.32%","90.90%"],["","","","","","","","","","","","","","","","","","","","","Average:","88.54%"],["Machine:","Roll Coater","","","","","","","","","","","","","","","","","","","",""],["10/13/2023","1","701318 - 1","Babe Original","3,850","1","7.06","1","519","10","0.13","0.89","0.36","7.42","0.00","0.00","7.79","0.00%","100.00%","35.42%","11.99%","13.09%"],["","","","","","","","","","","","","","","","","","","","","Average:","13.09%"],["Machine:","Young Shin","","","","","","","","","","","","","","","","","","","",""],["10/13/2023","1","702732 - 1","Backbone Labs Inc.",null,"8","0.00","1",null,null,"0.98","0.00","0.30","0.00","0.25","0.30","0.85","64.98%","35.02%","331.05%","0.00%","178.36%"],["10/13/2023","1","703142 - 1","Dyson","8,335","2","179.90","1","2,071",null,"1.09","2.78","0.45","4.03","0.41","0.72","5.60","20.20%","79.80%","243.84%","69.06%","79.21%"],["10/13/2023","1","703143 - 1","Dyson","1,059","2","22.86","1","1,760",null,"0.14","0.35","0.32","0.60","0.00","0.00","0.93","0.00%","100.00%","41.95%","58.17%","52.49%"],["10/13/2023","1","703490 - 2","Mobile  X","1,196","1","17.94","1","2,453",null,"0.58","0.70","0.18","0.49","0.00","0.62","1.29","47.84%","52.16%","318.61%","143.59%","191.42%"],["10/13/2023","1","703490 - 5","Mobile  X","1,181","1","12.47","1","1,897",null,"0.58","0.69","0.25","0.62","0.00","0.42","1.29","32.48%","67.52%","234.69%","110.84%","146.22%"],["","","","","","","","","","","","","","","","","","","","","Average:","129.54%"]]},"efficiency_report_df_5_2":{"columns":[{"name":"date","type":"string"},{"name":"shift","type":"string"},{"name":"job","type":"string"},{"name":"customer","type":"string"},{"name":"production_feed_qty","type":"string"},{"name":"production_no_up","type":"string"},{"name":"production_msq","type":"string"},{"name":"production_setups","type":"string"},{"name":"rate_qty_hr","type":"string"},{"name":"waste_qty","type":"string"},{"name":"std_hours_setup","type":"string"},{"name":"std_hours_run","type":"string"},{"name":"prod_hours_setup","type":"string"},{"name":"prod_hours_run","type":"string"},{"name":"down_hours_on_std","type":"string"},{"name":"down_hours_off_std","type":"string"},{"name":"act_hrs_total","type":"string"},{"name":"utilization_down","type":"string"},{"name":"utilization_util","type":"string"},{"name":"efficiency_setup","type":"string"},{"name":"efficiency_run","type":"string"},{"name":"efficiency_total","type":"string"}],"rows":[["10/13/2023","2","","","","","","","","","","","","","","","","","","","",""],["","","","","","","","","","","","","","","","","","","","","",""],["Digital","","","","","","","","","","","","","","","","","","","","",""],["","","","","","","","","","","","","","","","","","","","","",""],["Machine:","Barberan","","","","","","","","","","","","","","","","","","","",""],["10/13/2023","2","702894 - 3","Disney Integrated Retail - BV","1,789","1","34.24",null,"2,130","nan","0.00","1.73","0.00","0.84","0.00","0.00","0.84","0.00%","100.00%","0.00%","206.02%","206.02%"],["10/13/2023","2","703409 - 1","Learning Resources","96","1","1.07","1","670","nan","0.08","0.06","0.11","0.14","0.00","0.36","0.61","58.79%","41.21%","75.84%","41.86%","56.57%"],["10/13/2023","2","703409 - 2","Learning Resources","2,337","1","23.65","1","672","nan","0.08","1.04","1.47","3.48","0.03","0.00","4.98","0.69%","99.31%","5.65%","29.93%","22.56%"],["10/13/2023","2","702854 - 1","Walmart Stores Inc","2,752","1","129.29","1","547","nan","0.08","4.85","4.67","5.03","0.42","1.06","11.19","13.27%","86.73%","1.78%","96.38%","48.70%"],["","","","","","","","","","","","","","","","","","","","","Average:","83.46%"],["Machine:","HP C500","","","","","","","","","","","","","","","","","","","",""],["10/13/2023","2","702617 - 1","MeriCal",null,"1","0.00","1",null,null,"0.08","0.00","0.02","0.01","0.00","0.00","0.03","0.00%","100.00%","351.53%","0.00%","284.57%"],["10/13/2023","2","703310 - 1","Starface World, Inc","1,249","1","11.38","1","1,241",null,"0.08","0.63","0.02","1.01","0.00","0.00","1.02","0.00%","100.00%","452.73%","62.62%","69.60%"],["10/13/2023","2","701868 - 1","Voyant Beauty Inc.","8,323","1","75.83",null,"1,566","17","0.00","4.22","0.00","5.32","0.00","0.00","5.32","0.00%","100.00%","0.00%","79.38%","79.38%"],["","","","","","","","","","","","","","","","","","","","","Average:","144.52%"],["Analog","","","","","","","","","","","","","","","","","","","","",""],["","","","","","","","","","","","","","","","","","","","","",""],["Machine:","Bobst DC","","","","","","","","","","","","","","","","","","","",""],["10/13/2023","2","702884 - 2","Disney Integrated Retail - BV","3,195","1","22.37","2","3,000",null,"0.74","1.00","0.23","1.07","0.34","0.00","1.63","20.88%","79.12%","324.44%","93.90%","106.43%"],["10/13/2023","2","703176 - 1","Suja Life","980","10","6.14","1","4,594","35","0.23","0.29","0.38","0.21","0.37","0.00","0.96","38.27%","61.73%","60.21%","135.94%","53.95%"],["10/13/2023","2","703177 - 1","Suja Life","580","10","3.63","1","1,699","2","0.14","0.17","0.32","0.34","0.00","0.64","1.30","49.05%","50.95%","43.44%","49.80%","46.71%"],["10/13/2023","2","702872 - 8","Walmart Stores Inc",null,"1","0.00","1",null,null,"0.37","0.00","0.38","0.00","0.46","0.00","0.84","54.52%","45.48%","96.45%","0.00%","43.87%"],["","","","","","","","","","","","","","","","","","","","","Average:","62.74%"],["Machine:","EMBA","","","","","","","","","","","","","","","","","","","",""],["10/13/2023","2","701812 - 1","Bobrick Washroom Equipment, Inc.","2,900","1","10.57",null,"688","100","0.00","0.16","0.00","4.22","0.00","0.00","4.22","0.00%","100.00%","0.00%","3.79%","3.79%"],["10/13/2023","2","701520 - 1","MeriCal","3,700","1","11.02",null,"116,842","25","0.00","0.25","0.00","0.03","0.00","0.00","0.03","0.00%","100.00%","0.00%","789.47%","789.47%"],["10/13/2023","2","701521 - 1","MeriCal","3,400","1","11.05",null,"3,593","40","0.00","0.23","0.00","0.95","0.00","0.00","0.95","0.00%","100.00%","0.00%","24.30%","24.30%"],["10/13/2023","2","703378 - 1","South Coast Paper","3,300","1","33.23",null,"2,881","6","0.00","0.17","0.00","1.15","0.00","0.00","1.15","0.00%","100.00%","0.00%","14.84%","14.84%"],["10/13/2023","2","703385 - 1","South Coast Paper","1,700","1","8.31",null,"8,248","50","0.00","0.09","0.00","0.21","0.00","0.00","0.21","0.00%","100.00%","0.00%","43.67%","43.67%"],["","","","","","","","","","","","","","","","","","","","","Average:","175.21%"],["Machine:","Expert","","","","","","","","","","","","","","","","","","","",""],["10/13/2023","2","703552 - 1","Arto Brick","5,396","1","24.58","1","14,989","146","0.06","0.28","0.16","0.36","0.00","0.00","0.52","0.00%","100.00%","35.76%","77.78%","64.60%"],["10/13/2023","2","703553 - 1","Arto Brick","5,460","1","31.85","1","10,070","210","0.14","0.35","0.19","0.54","0.09","0.17","0.99","25.96%","74.04%","71.43%","64.55%","59.07%"],["10/13/2023","2","702972 - 1","Beauty Mark International","1,317","1","4.35","1","5,658","192","0.06","0.10","0.08","0.23","0.00","0.00","0.32","0.00%","100.00%","69.68%","42.96%","50.07%"],["10/13/2023","2","703508 - 1","Cambro Manuf","3,254","1","34.08","1","5,093","104","0.06","0.17","0.16","0.64","0.07","0.00","0.87","7.68%","92.32%","36.25%","26.61%","26.37%"],["10/13/2023","2","701848 - 1","MeriCal","4,882","1","24.68","1","8,935","157","0.05","0.33","0.09","0.55","0.00","0.00","0.63","0.00%","100.00%","55.92%","60.40%","59.77%"],["10/13/2023","2","701849 - 1","MeriCal","2,295","1","16.96","1","5,519","195","0.05","0.21","0.11","0.42","0.00","0.51","1.04","49.49%","50.51%","45.37%","50.50%","49.44%"],["10/13/2023","2","698443 - 1","Nellson Nutraceutical LLC","21,250","1","86.33",null,"14,404",null,"0.00","1.09","0.00","1.48","0.00","0.18","1.65","10.71%","89.29%","0.00%","73.88%","73.88%"],["10/13/2023","2","698444 - 1","Nellson Nutraceutical LLC","37,650","1","152.95",null,"12,993",null,"0.00","1.94","0.00","2.90","0.21","0.33","3.44","15.82%","84.18%","0.00%","66.95%","62.40%"],["10/13/2023","2","703635 - 1","Royal Paper Box of Calif","862","1","10.80","1","3,621","113","0.06","0.12","0.20","0.24","0.00","0.00","0.44","0.00%","100.00%","29.12%","50.41%","40.64%"],["10/13/2023","2","702332 - 1","Santa Cruz Nutritionals","2,431","1","16.46","1","7,360",null,"0.05","0.14","0.13","0.33","0.00","0.38","0.85","45.19%","54.81%","37.05%","42.39%","40.85%"],["10/13/2023","2","703379 - 1","South Coast Paper","1,078","1","20.50","1","3,413",null,"0.06","0.17","0.13","0.32","0.40","0.00","0.85","47.41%","52.59%","45.13%","53.83%","26.97%"],["","","","","","","","","","","","","","","","","","","","","Average:","50.37%"],["Machine:","K7","","","","","","","","","","","","","","","","","","","",""],["10/13/2023","2","553821 - 1","P.M.",null,"1",null,null,null,null,"0.00","0.00","0.00","0.00","0.00","4.02","4.02","100.00%","0.00%","0.00%","0.00%","0.00%"],["10/13/2023","2","703365 - 1","Target Corporation - GB","320","2","14.42","1","1,946","20","0.38","0.06","0.20","0.16","0.96","0.40","1.72","78.74%","21.26%","189.40%","36.49%","33.51%"],["10/13/2023","2","703367 - 2","Target Corporation - GB","300","1","6.20",null,"1,695","10","0.00","0.04","0.00","0.18","0.07","0.00","0.25","28.91%","71.09%","0.00%","22.61%","16.07%"],["10/13/2023","2","703368 - 1","Target Corporation - GB",null,"2","0.00","1",null,null,"0.25","0.00","0.38","0.00","4.03","0.00","4.41","91.39%","8.61%","65.84%","0.00%","5.67%"],["10/13/2023","2","702872 - 4","Walmart Stores Inc","1,496","1","65.91","1","1,862","16","0.50","0.22","0.46","0.80","1.05","0.82","3.13","59.73%","40.27%","109.09%","27.38%","31.18%"],["","","","","","","","","","","","","","","","","","","","","Average:","17.29%"],["Machine:","Martin","","","","","","","","","","","","","","","","","","","",""],["10/13/2023","2","703243 - 1","Ohana Packaging","5,777","2","57.89","1","3,357","25","0.43","0.87","0.32","1.72","0.06","0.51","2.61","21.70%","78.30%","134.50%","50.56%","61.95%"],["10/13/2023","2","703247 - 1","Ohana Packaging","7,798","2","104.35","1","3,781","18","0.43","1.17","0.52","2.06","0.02","0.20","2.80","7.73%","92.27%","82.86%","56.73%","61.65%"],["10/13/2023","2","703441 - 3","Ontel Products Corp.","336","1","3.62","2","3,001","6","0.35","0.10","0.53","0.11","0.13","0.00","0.77","17.01%","82.99%","65.90%","89.33%","58.11%"],["10/13/2023","2","703253 - 1","Vegamour","1,967","10","13.52","1","2,001","17","0.22","0.43","0.45","0.98","0.42","0.20","2.04","30.07%","69.93%","48.49%","43.75%","35.02%"],["","","","","","","","","","","","","","","","","","","","","Average:","54.18%"],["Machine:","Post Gluer","","","","","","","","","","","","","","","","","","","",""],["10/13/2023","2","703142 - 1","Dyson","4,320","1","46.62","1","36,593",null,"0.31","0.78","0.04","0.12","0.22","0.00","0.38","59.02%","40.98%","822.63%","660.71%","286.68%"],["10/13/2023","2","703442 - 3","Ontel Products Corp.",null,"1","0.00","1",null,null,"1.12","0.00","0.25","0.00","0.00","0.00","0.25","0.00%","100.00%","444.79%","0.00%","444.79%"],["","","","","","","","","","","","","","","","","","","","","Average:","365.74%"],["Machine:","Roll Coater","","","","","","","","","","","","","","","","","","","",""],["10/13/2023","2","701318 - 1","Babe Original","1,792","1","3.29",null,"442",null,"0.00","0.41","0.00","4.06","0.00","0.00","4.06","0.00%","100.00%","0.00%","10.10%","10.10%"],["","","","","","","","","","","","","","","","","","","","","Average:","10.1%"],["Machine:","Young Shin","","","","","","","","","","","","","","","","","","","",""],["10/13/2023","2","702732 - 1","Backbone Labs Inc.","7,796","8","102.32","3","1,928","6","2.81","2.30","0.41","4.04","1.25","0.50","6.21","28.27%","71.73%","679.16%","56.87%","89.42%"],["10/13/2023","2","703143 - 1","Dyson",null,"2","0.00","1",null,null,"0.14","0.00","0.08","0.00","0.00","0.46","0.54","85.45%","14.55%","172.53%","0.00%","172.53%"],["10/13/2023","2","703490 - 4","Mobile  X","576","1","8.20",null,"1,004","6","0.00","0.34","0.00","0.57","0.00","0.36","0.93","38.23%","61.77%","0.00%","59.27%","59.27%"],["10/13/2023","2","703441 - 1","Ontel Products Corp.","134","1","1.82","1","946",null,"0.37","0.08","0.04","0.14","0.00","0.27","0.45","60.43%","39.57%","1060.16%","56.47%","256.58%"],["10/13/2023","2","703442 - 1","Ontel Products Corp.","330","1","4.49","4","1,155","4","2.24","0.19","0.47","0.29","0.00","0.38","1.13","33.24%","66.76%","479.19%","66.47%","322.78%"],["10/13/2023","2","703442 - 2","Ontel Products Corp.",null,"1","0.00","1",null,null,"0.33","0.00","0.43","0.00","0.00","0.00","0.43","0.00%","100.00%","77.83%","0.00%","77.83%"],["10/13/2023","2","703484 - 3","Ultra Mobile","293","9","2.46","2","486","3","1.11","0.17","0.51","0.60","0.29","0.00","1.40","20.91%","79.09%","220.20%","28.18%","91.51%"],["","","","","","","","","","","","","","","","","","","","","Average:","152.85%"]]}},"views":{},"charts":{"efficiency report day 2 shift 2":{"chartType":"Table","options":{"width":"100%","legacyScatterChartLabels":true,"booleanRole":"certainty","hAxis":{"useFormatFromData":true,"viewWindow":{"max":null,"min":null},"minValue":null,"maxValue":null},"vAxes":[{"useFormatFromData":true,"viewWindow":{"max":null,"min":null},"minValue":null,"maxValue":null},{"useFormatFromData":true,"viewWindow":{"max":null,"min":null},"minValue":null,"maxValue":null}],"annotations":{"domain":{"style":"line"}},"height":"100%"},"viewOrTable":"efficiency_report_df_2_2","morphIndex":0,"morphicProperties":{"rotation":0,"scale":1,"clipMode":"visible","opacity":1,"position":{"x":0,"y":0},"extent":{"x":1000,"y":800},"fill":"Color.white","border":{"style":{"top":"solid","left":"solid","bottom":"solid","right":"solid"},"width":{"top":0,"bottom":0,"left":0,"right":0},"color":{"top":{"r":1,"g":1,"b":1,"a":1},"left":{"r":1,"g":1,"b":1,"a":1},"right":{"r":1,"g":1,"b":1,"a":1},"bottom":{"r":1,"g":1,"b":1,"a":1}},"radius":{"topLeft":0,"topRight":0,"bottomRight":0,"bottomLeft":0}},"origin":{"x":0,"y":0}}}},"filters":{},"morphs":[],"numMorphs":1}