{"fill":"Color.white","tables":{"efficiency_report_df_5_1":{"columns":[{"name":"date","type":"string"},{"name":"shift","type":"string"},{"name":"job","type":"string"},{"name":"customer","type":"string"},{"name":"production_feed_qty","type":"string"},{"name":"production_no_up","type":"string"},{"name":"production_msq","type":"string"},{"name":"production_setups","type":"string"},{"name":"rate_qty_hr","type":"string"},{"name":"waste_qty","type":"string"},{"name":"std_hours_setup","type":"string"},{"name":"std_hours_run","type":"string"},{"name":"prod_hours_setup","type":"string"},{"name":"prod_hours_run","type":"string"},{"name":"down_hours_on_std","type":"string"},{"name":"down_hours_off_std","type":"string"},{"name":"act_hrs_total","type":"string"},{"name":"utilization_down","type":"string"},{"name":"utilization_util","type":"string"},{"name":"efficiency_setup","type":"string"},{"name":"efficiency_run","type":"string"},{"name":"efficiency_total","type":"string"}],"rows":[["10/13/2023","1","","","","","","","","","","","","","","","","","","","",""],["","","","","","","","","","","","","","","","","","","","","",""],["Digital","","","","","","","","","","","","","","","","","","","","",""],["","","","","","","","","","","","","","","","","","","","","",""],["Machine:","Barberan","","","","","","","","","","","","","","","","","","","",""],["10/13/2023","1","703374 - 1","Moose Toys LLC","1,539","1","74.38","1","637","nan","0.08","2.64","1.30","2.41","2.07","0.47","6.26","40.67%","59.33%","6.40%","109.35%","47.11%"],["","","","","","","","","","","","","","","","","","","","","Average:","47.11%"],["Machine:","HP C500","","","","","","","","","","","","","","","","","","","",""],["10/13/2023","1","702617 - 1","MeriCal","2,818","1","25.24","1","1,400",null,"0.08","1.45","0.01","2.01","0.00","0.00","2.02","0.00%","100.00%","878.83%","72.05%","75.82%"],["10/13/2023","1","700901 - 1","Voyant Beauty Inc.","8,700","1","79.27","1","1,850",null,"0.08","4.41","0.08","4.70","0.00","0.71","5.49","12.85%","87.15%","100.27%","93.78%","93.89%"],["10/13/2023","1","701868 - 1","Voyant Beauty Inc.","1,222","1","11.13","1","1,994",null,"0.08","0.62","0.89","0.61","2.57","0.00","4.08","63.03%","36.97%","9.28%","101.18%","17.24%"],["","","","","","","","","","","","","","","","","","","","","Average:","62.32%"],["Machine:","Kong C64","","","","","","","","","","","","","","","","","","","",""],["10/13/2023","1","703721 - 1","Royal Paper Box of Calif","10","2","0.54","1","10","nan","0.07","0.04","0.05","0.99","0.00","0.00","1.05","0.00%","100.00%","133.88%","4.03%","10.64%"],["10/13/2023","1","703723 - 1","Royal Paper Box of Calif","2","1","0.01","1","3","nan","0.07","0.00","0.00","0.67","0.00","0.00","0.67","0.00%","100.00%","1835.99%","0.00%","10.65%"],["10/13/2023","1","703724 - 1","Royal Paper Box of Calif","8","2","0.43","1","20","nan","0.07","0.03","0.11","0.40","0.00","0.00","0.51","0.00%","100.00%","67.46%","7.44%","19.91%"],["10/13/2023","1","703773 - 1","Royal Paper Box of Calif","5","1","0.04","1","17","nan","0.07","0.01","0.04","0.29","0.00","0.00","0.33","0.00%","100.00%","174.86%","3.48%","24.83%"],["10/13/2023","1","703774 - 1","Royal Paper Box of Calif","6","6","0.33","1","13","nan","0.07","0.07","0.06","0.47","0.00","0.00","0.53","0.00%","100.00%","129.82%","14.79%","26.76%"],["10/13/2023","1","703858 - 1","Royal Paper Box of Calif",null,"6",null,null,null,"nan","0.00","0.00","0.00","0.00","0.00","71.71","71.71","100.00%","0.00%","0.00%","0.00%","0.00%"],["","","","","","","","","","","","","","","","","","","","","Average:","15.47%"],["Machine:","Zund2","","","","","","","","","","","","","","","","","","","",""],["10/13/2023","1","703394 - 7","Oceana USA","68","6","2.34","1","11","nan","0.10","12.24","0.41","6.39","0.00","0.00","6.80","0.00%","100.00%","24.39%","191.44%","181.37%"],["","","","","","","","","","","","","","","","","","","","","Average:","181.37%"],["Analog","","","","","","","","","","","","","","","","","","","","",""],["","","","","","","","","","","","","","","","","","","","","",""],["Machine:","EMBA","","","","","","","","","","","","","","","","","","","",""],["10/13/2023","1","701812 - 1","Bobrick Washroom Equipment, Inc.",null,"1","0.00","1",null,null,"0.09","0.00","1.60","0.00","0.00","0.00","1.60","0.00%","100.00%","5.31%","0.00%","5.31%"],["10/13/2023","1","703057 - 1","Maxey Management","1,600","1","8.18","1","5,129","25","0.06","0.10","0.02","0.31","0.00","0.00","0.34","0.00%","100.00%","255.04%","32.06%","47.40%"],["10/13/2023","1","701847 - 1","MeriCal","1,200","1","5.73","1","4,581","45","0.06","0.07","0.05","0.26","0.00","0.00","0.31","0.00%","100.00%","124.52%","26.72%","41.66%"],["10/13/2023","1","702626 - 1","MeriCal","1,724","1","7.90","1","4,118","44","0.06","0.09","0.12","0.42","0.00","0.00","0.54","0.00%","100.00%","50.16%","21.50%","27.77%"],["10/13/2023","1","703432 - 1","MeriCal","1,200","1","7.18","1","1,641","45","0.06","0.07","0.40","0.73","0.00","0.00","1.14","0.00%","100.00%","14.54%","9.57%","11.34%"],["10/13/2023","1","703637 - 1","Ohana Packaging","6,351","1","42.74","1","5,131","51","0.09","0.42","0.10","1.24","0.00","0.00","1.34","0.00%","100.00%","82.45%","33.93%","37.67%"],["","","","","","","","","","","","","","","","","","","","","Average:","28.53%"],["Machine:","Expert","","","","","","","","","","","","","","","","","","","",""],["10/13/2023","1","703008 - 1","e.l.f Cosmetics - A.D.","10,206","1","132.68","1","6,296","66","0.14","0.66","0.11","1.62","0.00","0.17","1.89","8.74%","91.26%","130.76%","40.71%","46.19%"],["10/13/2023","1","703167 - 1","Ernest Packaging","7,600","1","34.04","1","7,887","40","0.06","0.52","0.25","0.96","2.18","0.09","3.49","65.10%","34.90%","23.12%","53.96%","17.02%"],["10/13/2023","1","703312 - 2","Kinderfarms",null,"1","0.00","1",null,"16","0.06","0.00","0.01","0.00","0.53","0.22","0.76","98.06%","1.94%","402.66%","0.00%","10.97%"],["10/13/2023","1","698443 - 1","Nellson Nutraceutical LLC","15,800","1","64.19",null,"13,549","50","0.01","0.81","0.08","1.17","0.00","0.64","1.89","34.10%","65.90%","7.54%","69.46%","65.58%"],["10/13/2023","1","703718 - 1","Royal Paper Box of Calif","250","1","1.84","1","3,346","31","0.06","0.02","0.10","0.07","0.00","0.00","0.18","0.00%","100.00%","56.95%","26.77%","44.28%"],["10/13/2023","1","703261 - 1","Vegamour","5,413","1","26.46","1","7,666","163","0.06","0.28","0.28","0.71","0.21","0.52","1.71","42.70%","57.30%","21.36%","39.65%","28.40%"],["","","","","","","","","","","","","","","","","","","","","Average:","35.41%"],["Machine:","K7","","","","","","","","","","","","","","","","","","","",""],["10/13/2023","1","703205 - 1","Hain Celestial Group","1,610","4","9.35","1","4,300","10","0.43","0.32","0.91","0.37","0.00","0.00","1.29","0.00%","100.00%","47.34%","85.46%","58.42%"],["10/13/2023","1","703368 - 1","Target Corporation - GB","1,275","2","21.91","1","1,399","5","0.25","0.18","0.67","0.91","0.00","0.00","1.58","0.00%","100.00%","37.59%","19.76%","27.28%"],["","","","","","","","","","","","","","","","","","","","","Average:","42.85%"],["Machine:","Martin","","","","","","","","","","","","","","","","","","","",""],["10/13/2023","1","703128 - 1","CTC Food International, Inc.","10,280","2","146.20","1","3,120","30","0.50","1.85","0.37","3.29","0.29","0.69","4.64","21.07%","78.93%","134.03%","56.16%","59.33%"],["10/13/2023","1","702857 - 1","Royal Paper Box of Calif","1,582","3","14.77","1","5,135","4","0.32","0.30","0.28","0.31","0.79","0.18","1.56","62.47%","37.53%","117.01%","97.39%","45.33%"],["","","","","","","","","","","","","","","","","","","","","Average:","52.33%"],["Machine:","Post Gluer","","","","","","","","","","","","","","","","","","","",""],["10/13/2023","1","703142 - 1","Dyson","12,215","1","131.82","3","3,820","15","0.92","2.21","0.41","3.20","0.03","0.73","4.36","17.42%","82.58%","226.35%","69.11%","86.18%"],["10/13/2023","1","703143 - 1","Dyson","2,118","1","22.86",null,"5,201","118","0.00","0.38","0.00","0.41","0.01","0.35","0.76","46.69%","53.31%","0.00%","93.32%","90.90%"],["","","","","","","","","","","","","","","","","","","","","Average:","88.54%"],["Machine:","Roll Coater","","","","","","","","","","","","","","","","","","","",""],["10/13/2023","1","701318 - 1","Babe Original","3,850","1","7.06","1","519","10","0.13","0.89","0.36","7.42","0.00","0.00","7.79","0.00%","100.00%","35.42%","11.99%","13.09%"],["","","","","","","","","","","","","","","","","","","","","Average:","13.09%"],["Machine:","Young Shin","","","","","","","","","","","","","","","","","","","",""],["10/13/2023","1","702732 - 1","Backbone Labs Inc.",null,"8","0.00","1",null,null,"0.98","0.00","0.30","0.00","0.25","0.30","0.85","64.98%","35.02%","331.05%","0.00%","178.36%"],["10/13/2023","1","703142 - 1","Dyson","8,335","2","179.90","1","2,071",null,"1.09","2.78","0.45","4.03","0.41","0.72","5.60","20.20%","79.80%","243.84%","69.06%","79.21%"],["10/13/2023","1","703143 - 1","Dyson","1,059","2","22.86","1","1,760",null,"0.14","0.35","0.32","0.60","0.00","0.00","0.93","0.00%","100.00%","41.95%","58.17%","52.49%"],["10/13/2023","1","703490 - 2","Mobile  X","1,196","1","17.94","1","2,453",null,"0.58","0.70","0.18","0.49","0.00","0.62","1.29","47.84%","52.16%","318.61%","143.59%","191.42%"],["10/13/2023","1","703490 - 5","Mobile  X","1,181","1","12.47","1","1,897",null,"0.58","0.69","0.25","0.62","0.00","0.42","1.29","32.48%","67.52%","234.69%","110.84%","146.22%"],["","","","","","","","","","","","","","","","","","","","","Average:","129.54%"]]},"efficiency_report_df_5_2":{"columns":[{"name":"date","type":"string"},{"name":"shift","type":"string"},{"name":"job","type":"string"},{"name":"customer","type":"string"},{"name":"production_feed_qty","type":"string"},{"name":"production_no_up","type":"string"},{"name":"production_msq","type":"string"},{"name":"production_setups","type":"string"},{"name":"rate_qty_hr","type":"string"},{"name":"waste_qty","type":"string"},{"name":"std_hours_setup","type":"string"},{"name":"std_hours_run","type":"string"},{"name":"prod_hours_setup","type":"string"},{"name":"prod_hours_run","type":"string"},{"name":"down_hours_on_std","type":"string"},{"name":"down_hours_off_std","type":"string"},{"name":"act_hrs_total","type":"string"},{"name":"utilization_down","type":"string"},{"name":"utilization_util","type":"string"},{"name":"efficiency_setup","type":"string"},{"name":"efficiency_run","type":"string"},{"name":"efficiency_total","type":"string"}],"rows":[["10/13/2023","2","","","","","","","","","","","","","","","","","","","",""],["","","","","","","","","","","","","","","","","","","","","",""],["Digital","","","","","","","","","","","","","","","","","","","","",""],["","","","","","","","","","","","","","","","","","","","","",""],["Machine:","Barberan","","","","","","","","","","","","","","","","","","","",""],["10/13/2023","2","702894 - 3","Disney Integrated Retail - BV","1,789","1","34.24",null,"2,130","nan","0.00","1.73","0.00","0.84","0.00","0.00","0.84","0.00%","100.00%","0.00%","206.02%","206.02%"],["10/13/2023","2","703409 - 1","Learning Resources","96","1","1.07","1","670","nan","0.08","0.06","0.11","0.14","0.00","0.36","0.61","58.79%","41.21%","75.84%","41.86%","56.57%"],["10/13/2023","2","703409 - 2","Learning Resources","2,337","1","23.65","1","672","nan","0.08","1.04","1.47","3.48","0.03","0.00","4.98","0.69%","99.31%","5.65%","29.93%","22.56%"],["10/13/2023","2","702854 - 1","Walmart Stores Inc","2,752","1","129.29","1","547","nan","0.08","4.85","4.67","5.03","0.42","1.06","11.19","13.27%","86.73%","1.78%","96.38%","48.70%"],["","","","","","","","","","","","","","","","","","","","","Average:","83.46%"],["Machine:","HP C500","","","","","","","","","","","","","","","","","","","",""],["10/13/2023","2","702617 - 1","MeriCal",null,"1","0.00","1",null,null,"0.08","0.00","0.02","0.01","0.00","0.00","0.03","0.00%","100.00%","351.53%","0.00%","284.57%"],["10/13/2023","2","703310 - 1","Starface World, Inc","1,249","1","11.38","1","1,241",null,"0.08","0.63","0.02","1.01","0.00","0.00","1.02","0.00%","100.00%","452.73%","62.62%","69.60%"],["10/13/2023","2","701868 - 1","Voyant Beauty Inc.","8,323","1","75.83",null,"1,566","17","0.00","4.22","0.00","5.32","0.00","0.00","5.32","0.00%","100.00%","0.00%","79.38%","79.38%"],["","","","","","","","","","","","","","","","","","","","","Average:","144.52%"],["Analog","","","","","","","","","","","","","","","","","","","","",""],["","","","","","","","","","","","","","","","","","","","","",""],["Machine:","Bobst DC","","","","","","","","","","","","","","","","","","","",""],["10/13/2023","2","702884 - 2","Disney Integrated Retail - BV","3,195","1","22.37","2","3,000",null,"0.74","1.00","0.23","1.07","0.34","0.00","1.63","20.88%","79.12%","324.44%","93.90%","106.43%"],["10/13/2023","2","703176 - 1","Suja Life","980","10","6.14","1","4,594","35","0.23","0.29","0.38","0.21","0.37","0.00","0.96","38.27%","61.73%","60.21%","135.94%","53.95%"],["10/13/2023","2","703177 - 1","Suja Life","580","10","3.63","1","1,699","2","0.14","0.17","0.32","0.34","0.00","0.64","1.30","49.05%","50.95%","43.44%","49.80%","46.71%"],["10/13/2023","2","702872 - 8","Walmart Stores Inc",null,"1","0.00","1",null,null,"0.37","0.00","0.38","0.00","0.46","0.00","0.84","54.52%","45.48%","96.45%","0.00%","43.87%"],["","","","","","","","","","","","","","","","","","","","","Average:","62.74%"],["Machine:","EMBA","","","","","","","","","","","","","","","","","","","",""],["10/13/2023","2","701812 - 1","Bobrick Washroom Equipment, Inc.","2,900","1","10.57",null,"688","100","0.00","0.16","0.00","4.22","0.00","0.00","4.22","0.00%","100.00%","0.00%","3.79%","3.79%"],["10/13/2023","2","701520 - 1","MeriCal","3,700","1","11.02",null,"116,842","25","0.00","0.25","0.00","0.03","0.00","0.00","0.03","0.00%","100.00%","0.00%","789.47%","789.47%"],["10/13/2023","2","701521 - 1","MeriCal","3,400","1","11.05",null,"3,593","40","0.00","0.23","0.00","0.95","0.00","0.00","0.95","0.00%","100.00%","0.00%","24.30%","24.30%"],["10/13/2023","2","703378 - 1","South Coast Paper","3,300","1","33.23",null,"2,881","6","0.00","0.17","0.00","1.15","0.00","0.00","1.15","0.00%","100.00%","0.00%","14.84%","14.84%"],["10/13/2023","2","703385 - 1","South Coast Paper","1,700","1","8.31",null,"8,248","50","0.00","0.09","0.00","0.21","0.00","0.00","0.21","0.00%","100.00%","0.00%","43.67%","43.67%"],["","","","","","","","","","","","","","","","","","","","","Average:","175.21%"],["Machine:","Expert","","","","","","","","","","","","","","","","","","","",""],["10/13/2023","2","703552 - 1","Arto Brick","5,396","1","24.58","1","14,989","146","0.06","0.28","0.16","0.36","0.00","0.00","0.52","0.00%","100.00%","35.76%","77.78%","64.60%"],["10/13/2023","2","703553 - 1","Arto Brick","5,460","1","31.85","1","10,070","210","0.14","0.35","0.19","0.54","0.09","0.17","0.99","25.96%","74.04%","71.43%","64.55%","59.07%"],["10/13/2023","2","702972 - 1","Beauty Mark International","1,317","1","4.35","1","5,658","192","0.06","0.10","0.08","0.23","0.00","0.00","0.32","0.00%","100.00%","69.68%","42.96%","50.07%"],["10/13/2023","2","703508 - 1","Cambro Manuf","3,254","1","34.08","1","5,093","104","0.06","0.17","0.16","0.64","0.07","0.00","0.87","7.68%","92.32%","36.25%","26.61%","26.37%"],["10/13/2023","2","701848 - 1","MeriCal","4,882","1","24.68","1","8,935","157","0.05","0.33","0.09","0.55","0.00","0.00","0.63","0.00%","100.00%","55.92%","60.40%","59.77%"],["10/13/2023","2","701849 - 1","MeriCal","2,295","1","16.96","1","5,519","195","0.05","0.21","0.11","0.42","0.00","0.51","1.04","49.49%","50.51%","45.37%","50.50%","49.44%"],["10/13/2023","2","698443 - 1","Nellson Nutraceutical LLC","21,250","1","86.33",null,"14,404",null,"0.00","1.09","0.00","1.48","0.00","0.18","1.65","10.71%","89.29%","0.00%","73.88%","73.88%"],["10/13/2023","2","698444 - 1","Nellson Nutraceutical LLC","37,650","1","152.95",null,"12,993",null,"0.00","1.94","0.00","2.90","0.21","0.33","3.44","15.82%","84.18%","0.00%","66.95%","62.40%"],["10/13/2023","2","703635 - 1","Royal Paper Box of Calif","862","1","10.80","1","3,621","113","0.06","0.12","0.20","0.24","0.00","0.00","0.44","0.00%","100.00%","29.12%","50.41%","40.64%"],["10/13/2023","2","702332 - 1","Santa Cruz Nutritionals","2,431","1","16.46","1","7,360",null,"0.05","0.14","0.13","0.33","0.00","0.38","0.85","45.19%","54.81%","37.05%","42.39%","40.85%"],["10/13/2023","2","703379 - 1","South Coast Paper","1,078","1","20.50","1","3,413",null,"0.06","0.17","0.13","0.32","0.40","0.00","0.85","47.41%","52.59%","45.13%","53.83%","26.97%"],["","","","","","","","","","","","","","","","","","","","","Average:","50.37%"],["Machine:","K7","","","","","","","","","","","","","","","","","","","",""],["10/13/2023","2","553821 - 1","P.M.",null,"1",null,null,null,null,"0.00","0.00","0.00","0.00","0.00","4.02","4.02","100.00%","0.00%","0.00%","0.00%","0.00%"],["10/13/2023","2","703365 - 1","Target Corporation - GB","320","2","14.42","1","1,946","20","0.38","0.06","0.20","0.16","0.96","0.40","1.72","78.74%","21.26%","189.40%","36.49%","33.51%"],["10/13/2023","2","703367 - 2","Target Corporation - GB","300","1","6.20",null,"1,695","10","0.00","0.04","0.00","0.18","0.07","0.00","0.25","28.91%","71.09%","0.00%","22.61%","16.07%"],["10/13/2023","2","703368 - 1","Target Corporation - GB",null,"2","0.00","1",null,null,"0.25","0.00","0.38","0.00","4.03","0.00","4.41","91.39%","8.61%","65.84%","0.00%","5.67%"],["10/13/2023","2","702872 - 4","Walmart Stores Inc","1,496","1","65.91","1","1,862","16","0.50","0.22","0.46","0.80","1.05","0.82","3.13","59.73%","40.27%","109.09%","27.38%","31.18%"],["","","","","","","","","","","","","","","","","","","","","Average:","17.29%"],["Machine:","Martin","","","","","","","","","","","","","","","","","","","",""],["10/13/2023","2","703243 - 1","Ohana Packaging","5,777","2","57.89","1","3,357","25","0.43","0.87","0.32","1.72","0.06","0.51","2.61","21.70%","78.30%","134.50%","50.56%","61.95%"],["10/13/2023","2","703247 - 1","Ohana Packaging","7,798","2","104.35","1","3,781","18","0.43","1.17","0.52","2.06","0.02","0.20","2.80","7.73%","92.27%","82.86%","56.73%","61.65%"],["10/13/2023","2","703441 - 3","Ontel Products Corp.","336","1","3.62","2","3,001","6","0.35","0.10","0.53","0.11","0.13","0.00","0.77","17.01%","82.99%","65.90%","89.33%","58.11%"],["10/13/2023","2","703253 - 1","Vegamour","1,967","10","13.52","1","2,001","17","0.22","0.43","0.45","0.98","0.42","0.20","2.04","30.07%","69.93%","48.49%","43.75%","35.02%"],["","","","","","","","","","","","","","","","","","","","","Average:","54.18%"],["Machine:","Post Gluer","","","","","","","","","","","","","","","","","","","",""],["10/13/2023","2","703142 - 1","Dyson","4,320","1","46.62","1","36,593",null,"0.31","0.78","0.04","0.12","0.22","0.00","0.38","59.02%","40.98%","822.63%","660.71%","286.68%"],["10/13/2023","2","703442 - 3","Ontel Products Corp.",null,"1","0.00","1",null,null,"1.12","0.00","0.25","0.00","0.00","0.00","0.25","0.00%","100.00%","444.79%","0.00%","444.79%"],["","","","","","","","","","","","","","","","","","","","","Average:","365.74%"],["Machine:","Roll Coater","","","","","","","","","","","","","","","","","","","",""],["10/13/2023","2","701318 - 1","Babe Original","1,792","1","3.29",null,"442",null,"0.00","0.41","0.00","4.06","0.00","0.00","4.06","0.00%","100.00%","0.00%","10.10%","10.10%"],["","","","","","","","","","","","","","","","","","","","","Average:","10.1%"],["Machine:","Young Shin","","","","","","","","","","","","","","","","","","","",""],["10/13/2023","2","702732 - 1","Backbone Labs Inc.","7,796","8","102.32","3","1,928","6","2.81","2.30","0.41","4.04","1.25","0.50","6.21","28.27%","71.73%","679.16%","56.87%","89.42%"],["10/13/2023","2","703143 - 1","Dyson",null,"2","0.00","1",null,null,"0.14","0.00","0.08","0.00","0.00","0.46","0.54","85.45%","14.55%","172.53%","0.00%","172.53%"],["10/13/2023","2","703490 - 4","Mobile  X","576","1","8.20",null,"1,004","6","0.00","0.34","0.00","0.57","0.00","0.36","0.93","38.23%","61.77%","0.00%","59.27%","59.27%"],["10/13/2023","2","703441 - 1","Ontel Products Corp.","134","1","1.82","1","946",null,"0.37","0.08","0.04","0.14","0.00","0.27","0.45","60.43%","39.57%","1060.16%","56.47%","256.58%"],["10/13/2023","2","703442 - 1","Ontel Products Corp.","330","1","4.49","4","1,155","4","2.24","0.19","0.47","0.29","0.00","0.38","1.13","33.24%","66.76%","479.19%","66.47%","322.78%"],["10/13/2023","2","703442 - 2","Ontel Products Corp.",null,"1","0.00","1",null,null,"0.33","0.00","0.43","0.00","0.00","0.00","0.43","0.00%","100.00%","77.83%","0.00%","77.83%"],["10/13/2023","2","703484 - 3","Ultra Mobile","293","9","2.46","2","486","3","1.11","0.17","0.51","0.60","0.29","0.00","1.40","20.91%","79.09%","220.20%","28.18%","91.51%"],["","","","","","","","","","","","","","","","","","","","","Average:","152.85%"]]}},"views":{},"charts":{"efficiency report day 5 shift 1":{"chartType":"Table","options":{"width":"100%","legacyScatterChartLabels":true,"booleanRole":"certainty","hAxis":{"useFormatFromData":true,"viewWindow":{"max":null,"min":null},"minValue":null,"maxValue":null},"vAxes":[{"useFormatFromData":true,"viewWindow":{"max":null,"min":null},"minValue":null,"maxValue":null},{"useFormatFromData":true,"viewWindow":{"max":null,"min":null},"minValue":null,"maxValue":null}],"annotations":{"domain":{"style":"line"}},"height":"100%"},"viewOrTable":"efficiency_report_df_5_1","morphIndex":0,"morphicProperties":{"rotation":0,"scale":1,"clipMode":"visible","opacity":1,"position":{"x":0,"y":0},"extent":{"x":1000,"y":800},"fill":"Color.white","border":{"style":{"top":"solid","left":"solid","bottom":"solid","right":"solid"},"width":{"top":0,"bottom":0,"left":0,"right":0},"color":{"top":{"r":1,"g":1,"b":1,"a":1},"left":{"r":1,"g":1,"b":1,"a":1},"right":{"r":1,"g":1,"b":1,"a":1},"bottom":{"r":1,"g":1,"b":1,"a":1}},"radius":{"topLeft":0,"topRight":0,"bottomRight":0,"bottomLeft":0}},"origin":{"x":0,"y":0}}}},"filters":{},"morphs":[],"numMorphs":1}